date,quarter,department,day,team,targeted_productivity,smv,wip,over_time,incentive,idle_time,idle_men,no_of_style_change,no_of_workers,actual_productivity
01-01-2015,Quarter1,sweing,Thursday,8,0.8,26.16,1009,7080,98,0,0,0,59,0.940725424
01-01-2015,Quarter1,finishing ,Thursday,1,0.75,3.94,1056,960,0,0,0,0,8,0.8865
01-01-2015,Quarter1,sweing,Thursday,11,0.8,11.41,953,3660,50,0,0,0,30.5,0.800570492
01-01-2015,Quarter1,sweing,Thursday,12,0.8,11.41,948,3660,50,0,0,0,30.5,0.800570492
01-01-2015,Quarter1,sweing,Thursday,6,0.8,25.9,905,1920,50,0,0,0,56,0.800381944
01-01-2015,Quarter1,sweing,Thursday,7,0.8,25.9,1168,6720,38,0,0,0,56,0.800125
01-01-2015,Quarter1,finishing ,Thursday,2,0.75,3.94,1139,960,0,0,0,0,8,0.755166667
01-01-2015,Quarter1,sweing,Thursday,3,0.75,28.08,919,6900,45,0,0,0,57.5,0.753683478
01-01-2015,Quarter1,sweing,Thursday,2,0.75,19.87,1020,6000,34,0,0,0,55,0.753097531
01-01-2015,Quarter1,sweing,Thursday,1,0.75,28.08,988,6900,45,0,0,0,57.5,0.750427826
01-01-2015,Quarter1,sweing,Thursday,9,0.7,28.08,1060,6900,44,0,0,0,57.5,0.721126957
01-01-2015,Quarter1,sweing,Thursday,10,0.75,19.31,1004,6480,45,0,0,0,54,0.712205247
01-01-2015,Quarter1,sweing,Thursday,5,0.8,11.41,1081,3660,50,0,0,0,30.5,0.707045902
01-01-2015,Quarter1,finishing ,Thursday,10,0.65,3.94,904,960,0,0,0,0,8,0.705916667
01-01-2015,Quarter1,finishing ,Thursday,8,0.75,2.9,918,960,0,0,0,0,8,0.676666667
01-01-2015,Quarter1,finishing ,Thursday,4,0.75,3.94,981,2160,0,0,0,0,18,0.593055556
01-01-2015,Quarter1,finishing ,Thursday,7,0.8,2.9,922,960,0,0,0,0,8,0.540729167
01-01-2015,Quarter1,sweing,Thursday,4,0.65,23.69,899,7200,0,0,0,0,60,0.52118
01-01-2015,Quarter1,finishing,Thursday,11,0.7,4.15,1137,1440,0,0,0,0,12,0.436326389
01-03-2015,Quarter1,finishing ,Saturday,4,0.8,4.15,1075,6600,0,0,0,0,20,0.988024691
01-03-2015,Quarter1,finishing ,Saturday,11,0.75,2.9,1108,5640,0,0,0,0,17,0.987880435
01-03-2015,Quarter1,finishing ,Saturday,9,0.8,4.15,1129,960,0,0,0,0,8,0.956270833
01-03-2015,Quarter1,finishing ,Saturday,3,0.75,3.94,928,1560,0,0,0,0,8,0.945277778
01-03-2015,Quarter1,finishing ,Saturday,1,0.8,3.94,940,960,0,0,0,0,8,0.902916667
01-03-2015,Quarter1,sweing,Saturday,1,0.8,28.08,997,6300,50,0,0,0,56.5,0.800725314
01-03-2015,Quarter1,sweing,Saturday,3,0.8,28.08,1134,6540,50,0,0,0,54.5,0.800322936
01-03-2015,Quarter1,sweing,Saturday,8,0.8,26.16,999,7080,50,0,0,0,59,0.800318644
01-03-2015,Quarter1,sweing,Saturday,12,0.8,26.16,1091,7080,63,0,0,0,59,0.800318644
01-03-2015,Quarter1,sweing,Saturday,11,0.8,11.61,930,7080,50,0,0,0,29.5,0.800237288
01-03-2015,Quarter1,sweing,Saturday,5,0.8,11.61,1165,7080,50,0,0,0,31.5,0.800148649
01-03-2015,Quarter1,sweing,Saturday,6,0.8,25.9,1099,6720,50,0,0,0,56,0.800125
01-03-2015,Quarter1,sweing,Saturday,7,0.8,25.9,994,6720,38,0,0,0,56,0.800125
01-03-2015,Quarter1,sweing,Saturday,10,0.75,19.31,1167,6480,56,0,0,0,54,0.787299691
01-03-2015,Quarter1,finishing ,Saturday,2,0.8,4.15,979,960,0,0,0,0,8,0.782447917
01-03-2015,Quarter1,sweing,Saturday,2,0.75,19.87,1134,6600,45,0,0,0,55,0.75024303
01-03-2015,Quarter1,finishing ,Saturday,10,0.7,4.15,1108,960,0,0,0,0,8,0.7018125
01-03-2015,Quarter1,sweing,Saturday,4,0.7,23.69,1141,13800,0,0,0,0,60,0.700134038
01-03-2015,Quarter1,sweing,Saturday,9,0.7,28.08,1157,6900,40,0,0,0,57.5,0.699965217
01-03-2015,Quarter1,finishing ,Saturday,8,0.8,2.9,1159,960,0,0,0,0,8,0.628333333
01-03-2015,Quarter1,finishing ,Saturday,7,0.8,3.94,898,960,0,0,0,0,8,0.6253125
01-04-2015,Quarter1,finishing ,Sunday,3,0.75,4.15,945,1560,0,0,0,0,8,0.991388889
01-04-2015,Quarter1,finishing ,Sunday,9,0.8,3.94,996,960,0,0,0,0,8,0.931645833
01-04-2015,Quarter1,finishing ,Sunday,1,0.8,3.94,1143,960,0,0,0,0,8,0.915229167
01-04-2015,Quarter1,sweing,Sunday,6,0.8,11.61,932,6975,50,0,0,0,31,0.879714482
01-04-2015,Quarter1,finishing ,Sunday,4,0.8,3.94,1057,6600,0,0,0,0,20,0.861679012
01-04-2015,Quarter1,sweing,Sunday,9,0.8,26.16,983,7080,60,0,0,0,59,0.850569492
01-04-2015,Quarter1,sweing,Sunday,7,0.8,25.9,1041,7020,60,0,0,0,56.5,0.850436438
01-04-2015,Quarter1,sweing,Sunday,8,0.8,25.9,1034,6780,45,0,0,0,56.5,0.850345133
01-04-2015,Quarter1,sweing,Sunday,4,0.8,28.08,1100,4260,50,0,0,0,55.5,0.800598058
01-04-2015,Quarter1,sweing,Sunday,1,0.8,26.16,918,7080,63,0,0,0,59,0.800318644
01-04-2015,Quarter1,sweing,Sunday,2,0.8,28.08,1127,6660,50,0,0,0,55.5,0.800237838
01-04-2015,Quarter1,sweing,Sunday,12,0.8,11.61,980,6975,50,0,0,0,31,0.800030199
01-04-2015,Quarter1,finishing ,Sunday,2,0.8,3.94,1056,960,0,0,0,0,8,0.792104167
01-04-2015,Quarter1,finishing ,Sunday,10,0.7,3.94,993,4320,0,0,0,0,18,0.759228395
01-04-2015,Quarter1,sweing,Sunday,11,0.75,19.31,1089,6480,45,0,0,0,54,0.750348457
01-04-2015,Quarter1,sweing,Sunday,3,0.75,19.87,1121,6600,45,0,0,0,55,0.75024303
01-04-2015,Quarter1,sweing,Sunday,10,0.7,28.08,1002,6900,40,0,0,0,57.5,0.699965217
01-04-2015,Quarter1,finishing ,Sunday,8,0.8,2.9,1059,960,0,0,0,0,8,0.682708333
01-04-2015,Quarter1,finishing ,Sunday,7,0.8,2.9,1135,960,0,0,0,0,8,0.667604167
01-04-2015,Quarter1,sweing,Sunday,5,0.7,45.67,1130,6960,26,0,0,0,58,0.603432184
01-04-2015,Quarter1,finishing ,Sunday,11,0.75,4.15,1017,960,0,0,0,0,8,0.345833333
01-05-2015,Quarter1,finishing ,Monday,1,0.8,3.94,926,1920,0,0,0,0,8,0.961059028
01-05-2015,Quarter1,finishing ,Monday,11,0.8,3.94,1108,2400,0,0,0,0,10,0.939513889
01-05-2015,Quarter1,finishing ,Monday,4,0.8,3.94,933,3840,0,0,0,0,16,0.893663194
01-05-2015,Quarter1,finishing ,Monday,3,0.75,4.15,1063,1920,0,0,0,0,8,0.875390625
01-05-2015,Quarter1,sweing,Monday,9,0.8,26.16,957,7080,75,0,0,0,59,0.850569492
01-05-2015,Quarter1,finishing ,Monday,9,0.8,2.9,938,1920,0,0,0,0,8,0.820833333
01-05-2015,Quarter1,finishing ,Monday,2,0.8,3.94,1134,960,0,0,0,0,8,0.804416667
01-05-2015,Quarter1,sweing,Monday,7,0.8,25.9,1061,6780,50,0,0,0,56.5,0.800684366
01-05-2015,Quarter1,sweing,Monday,8,0.8,25.9,944,6780,38,0,0,0,56.5,0.800684366
01-05-2015,Quarter1,sweing,Monday,1,0.8,26.16,1009,7080,63,0,0,0,59,0.800318644
01-05-2015,Quarter1,sweing,Monday,11,0.8,19.31,1120,4800,50,0,0,0,55,0.800250962
01-05-2015,Quarter1,sweing,Monday,6,0.8,11.61,1029,7200,50,0,0,0,32,0.800246011
01-05-2015,Quarter1,sweing,Monday,12,0.8,11.61,932,7200,50,0,0,0,32,0.800246011
01-05-2015,Quarter1,sweing,Monday,2,0.8,28.08,908,6900,50,0,0,0,57.5,0.800076522
01-05-2015,Quarter1,sweing,Monday,4,0.8,28.08,1140,6900,50,0,0,0,57.5,0.800076522
01-05-2015,Quarter1,finishing ,Monday,10,0.75,2.9,1074,960,0,0,0,0,8,0.763375
01-05-2015,Quarter1,finishing ,Monday,5,0.6,2.9,992,960,0,0,0,0,8,0.759270833
01-05-2015,Quarter1,sweing,Monday,10,0.75,28.08,997,7020,45,0,0,0,58.5,0.7504
01-05-2015,Quarter1,sweing,Monday,3,0.75,19.87,1041,6600,45,0,0,0,55,0.75024303
01-05-2015,Quarter1,finishing ,Monday,7,0.8,3.94,942,960,0,0,0,0,8,0.676666667
01-05-2015,Quarter1,finishing ,Monday,8,0.8,2.9,914,960,0,0,0,0,8,0.664583333
01-05-2015,Quarter1,sweing,Monday,5,0.6,21.98,983,6960,23,0,0,0,58,0.600028736
01-06-2015,Quarter1,finishing ,Tuesday,4,0.8,3.94,1007,4440,0,0,0,0,18,0.966781346
01-06-2015,Quarter1,finishing ,Tuesday,1,0.8,3.94,1059,1440,0,0,0,0,8,0.936496212
01-06-2015,Quarter1,finishing ,Tuesday,3,0.75,4.15,1121,1800,0,0,0,0,10,0.899166667
01-06-2015,Quarter1,finishing ,Tuesday,11,0.8,4.15,1020,2700,0,0,0,0,15,0.888686869
01-06-2015,Quarter1,finishing ,Tuesday,9,0.8,3.94,986,1440,0,0,0,0,8,0.858143939
01-06-2015,Quarter1,sweing,Tuesday,1,0.8,26.16,1123,10620,75,0,0,0,59,0.850502311
01-06-2015,Quarter1,sweing,Tuesday,9,0.8,26.16,1143,10620,75,0,0,0,59,0.850502311
01-06-2015,Quarter1,finishing ,Tuesday,10,0.75,3.94,1098,1440,0,0,0,0,8,0.809640152
01-06-2015,Quarter1,finishing ,Tuesday,2,0.8,3.94,1115,1440,0,0,0,0,8,0.805909091
01-06-2015,Quarter1,sweing,Tuesday,2,0.8,28.08,1115,10350,50,0,0,0,57.5,0.800594466
01-06-2015,Quarter1,sweing,Tuesday,4,0.8,28.08,1022,10350,50,0,0,0,57.5,0.800594466
01-06-2015,Quarter1,sweing,Tuesday,3,0.8,19.87,1092,9900,50,0,0,0,55,0.800273829
01-06-2015,Quarter1,sweing,Tuesday,12,0.8,11.61,1019,5310,50,0,0,0,31.5,0.800140969
01-06-2015,Quarter1,sweing,Tuesday,7,0.8,25.9,1088,10170,38,0,0,0,56.5,0.800128721
01-06-2015,Quarter1,sweing,Tuesday,8,0.8,25.9,1023,10170,38,0,0,0,56.5,0.800128721
01-06-2015,Quarter1,sweing,Tuesday,6,0.8,11.61,903,4470,38,0,0,0,31.5,0.80007657
01-06-2015,Quarter1,sweing,Tuesday,10,0.75,28.08,1104,10530,45,0,0,0,58.5,0.750545455
01-06-2015,Quarter1,sweing,Tuesday,11,0.75,19.31,895,9900,45,0,0,0,55,0.750057851
01-06-2015,Quarter1,finishing ,Tuesday,8,0.8,2.9,923,1440,0,0,0,0,8,0.681060606
01-06-2015,Quarter1,sweing,Tuesday,5,0.65,21.98,931,10440,35,0,0,0,58,0.649983281
01-06-2015,Quarter1,finishing ,Tuesday,7,0.8,2.9,1078,1440,0,0,0,0,8,0.61625
01-07-2015,Quarter1,finishing ,Wednesday,1,0.8,3.94,1071,1440,0,0,0,0,8,0.951420455
01-07-2015,Quarter1,finishing ,Wednesday,9,0.8,3.94,1040,1440,0,0,0,0,8,0.880530303
01-07-2015,Quarter1,sweing,Wednesday,1,0.8,26.16,1022,10620,75,0,0,0,59,0.850502311
01-07-2015,Quarter1,sweing,Wednesday,9,0.8,26.16,945,10620,75,0,0,0,59,0.850502311
01-07-2015,Quarter1,sweing,Wednesday,8,0.8,25.9,1170,10170,60,0,0,0,56.5,0.850136766
01-07-2015,Quarter1,finishing ,Wednesday,3,0.75,4.15,987,2700,0,0,0,0,15,0.83
01-07-2015,Quarter1,finishing ,Wednesday,4,0.8,3.94,1167,4440,0,0,0,0,18,0.827186544
01-07-2015,Quarter1,finishing ,Wednesday,2,0.8,3.94,1036,1440,0,0,0,0,8,0.813371212
01-07-2015,Quarter1,finishing ,Wednesday,10,0.75,3.94,916,1440,0,0,0,0,8,0.805909091
01-07-2015,Quarter1,finishing ,Wednesday,7,0.8,2.9,1136,1440,0,0,0,0,8,0.804640152
01-07-2015,Quarter1,sweing,Wednesday,2,0.8,28.08,980,10350,63,0,0,0,57.5,0.800594466
01-07-2015,Quarter1,sweing,Wednesday,4,0.8,28.08,980,10350,50,0,0,0,57.5,0.800594466
01-07-2015,Quarter1,sweing,Wednesday,6,0.8,11.41,1017,5490,50,0,0,0,30.5,0.800343766
01-07-2015,Quarter1,sweing,Wednesday,3,0.8,19.87,909,9900,50,0,0,0,55,0.800273829
01-07-2015,Quarter1,sweing,Wednesday,12,0.8,11.61,1055,5670,50,0,0,0,31.5,0.800246753
01-07-2015,Quarter1,sweing,Wednesday,7,0.8,25.9,956,10170,50,0,0,0,56.5,0.800128721
01-07-2015,Quarter1,sweing,Wednesday,10,0.75,28.08,912,10530,69,0,0,0,58.5,0.8
01-07-2015,Quarter1,sweing,Wednesday,5,0.7,21.98,1155,9720,40,0,0,0,58,0.700480831
01-07-2015,Quarter1,finishing ,Wednesday,8,0.8,2.9,1148,1440,0,0,0,0,8,0.681060606
01-07-2015,Quarter1,finishing ,Wednesday,6,0.8,2.9,1147,1800,0,0,0,0,10,0.666515152
01-07-2015,Quarter1,sweing,Wednesday,11,0.8,31.83,1151,9900,40,0,0,0,55,0.412119835
01-07-2015,Quarter1,finishing ,Wednesday,5,0.7,4.15,1074,1440,0,0,0,0,8,0.330113636
01-08-2015,Quarter2,finishing ,Thursday,1,0.8,3.94,1113,1440,0,0,0,0,8,0.947689394
01-08-2015,Quarter2,finishing ,Thursday,4,0.8,3.94,1139,12600,0,0,0,0,20,0.919905405
01-08-2015,Quarter2,sweing,Thursday,9,0.8,26.16,1134,10620,88,0,0,0,59,0.900215716
01-08-2015,Quarter2,finishing ,Thursday,9,0.8,3.94,1053,1440,0,0,0,0,8,0.891723485
01-08-2015,Quarter2,sweing,Thursday,1,0.8,26.16,1052,10620,75,0,0,0,59,0.850502311
01-08-2015,Quarter2,sweing,Thursday,4,0.8,28.08,976,10530,75,0,0,0,58.5,0.850181818
01-08-2015,Quarter2,sweing,Thursday,7,0.8,25.9,1087,10170,60,0,0,0,56.5,0.850136766
01-08-2015,Quarter2,sweing,Thursday,8,0.8,25.9,1050,10170,60,0,0,0,56.5,0.850136766
01-08-2015,Quarter2,finishing ,Thursday,2,0.8,3.94,1152,1440,0,0,0,0,8,0.835757576
01-08-2015,Quarter2,finishing ,Thursday,5,0.7,4.15,1023,3840,0,0,0,0,8,0.821354167
01-08-2015,Quarter2,sweing,Thursday,2,0.8,28.08,1063,10050,63,0,0,0,58.5,0.800497246
01-08-2015,Quarter2,sweing,Thursday,3,0.8,19.87,927,9900,50,0,0,0,55,0.800273829
01-08-2015,Quarter2,sweing,Thursday,12,0.8,11.61,906,15120,63,0,0,0,31.5,0.800107143
01-08-2015,Quarter2,sweing,Thursday,6,0.8,11.41,967,14640,50,0,0,0,30.5,0.800024932
01-08-2015,Quarter2,sweing,Thursday,10,0.75,28.08,1095,10530,69,0,0,0,58.5,0.8
01-08-2015,Quarter2,finishing ,Thursday,10,0.75,3.94,1021,1440,0,0,0,0,8,0.779791667
01-08-2015,Quarter2,finishing ,Thursday,8,0.8,2.9,1124,1440,0,0,0,0,8,0.735984848
01-08-2015,Quarter2,finishing ,Thursday,3,0.75,4.15,1025,2160,0,0,0,0,12,0.712626263
01-08-2015,Quarter2,finishing ,Thursday,7,0.8,2.9,1042,1440,0,0,0,0,8,0.681060606
01-08-2015,Quarter2,finishing ,Thursday,11,0.8,4.15,1162,900,0,0,0,0,5,0.515606061
01-08-2015,Quarter2,sweing,Thursday,11,0.35,12.52,1131,25920,38,0,0,0,54,0.349951389
01-08-2015,Quarter2,sweing,Thursday,5,0.7,42.41,967,10260,0,0,0,0,57,0.233705476
01-10-2015,Quarter2,finishing ,Saturday,1,0.8,3.94,917,2160,0,0,0,0,8,0.985
01-10-2015,Quarter2,finishing ,Saturday,3,0.75,4.15,1074,2760,0,0,0,0,12,0.930340376
01-10-2015,Quarter2,finishing ,Saturday,4,0.8,3.94,1050,6000,0,0,0,0,20,0.911589744
01-10-2015,Quarter2,finishing ,Saturday,9,0.8,3.94,1121,1440,0,0,0,0,8,0.858143939
01-10-2015,Quarter2,sweing,Saturday,9,0.8,26.16,991,10620,75,0,0,0,59,0.851174114
01-10-2015,Quarter2,sweing,Saturday,7,0.8,25.9,957,10170,60,0,0,0,56.5,0.850136766
01-10-2015,Quarter2,sweing,Saturday,8,0.8,25.9,971,10170,60,0,0,0,56.5,0.850136766
01-10-2015,Quarter2,finishing ,Saturday,10,0.8,3.94,1111,1440,0,0,0,0,8,0.846950758
01-10-2015,Quarter2,finishing ,Saturday,11,0.8,4.15,1093,1440,0,0,0,0,8,0.817424242
01-10-2015,Quarter2,finishing ,Saturday,2,0.8,3.94,1113,1440,0,0,0,0,8,0.817102273
01-10-2015,Quarter2,sweing,Saturday,4,0.8,28.08,1063,10440,63,0,0,0,58,0.801028213
01-10-2015,Quarter2,sweing,Saturday,2,0.8,28.08,986,10350,63,0,0,0,57.5,0.800594466
01-10-2015,Quarter2,sweing,Saturday,12,0.8,11.61,1122,4710,50,0,0,0,31.5,0.800346445
01-10-2015,Quarter2,sweing,Saturday,6,0.8,11.41,915,5490,50,0,0,0,30.5,0.800343766
01-10-2015,Quarter2,sweing,Saturday,1,0.8,26.16,1150,10620,63,0,0,0,59,0.800117103
01-10-2015,Quarter2,sweing,Saturday,10,0.8,28.08,924,10530,63,0,0,0,58.5,0.8
01-10-2015,Quarter2,sweing,Saturday,3,0.75,19.87,986,7080,45,0,0,0,56,0.750098351
01-10-2015,Quarter2,sweing,Saturday,11,0.5,12.52,1088,9540,38,0,0,0,53,0.673245283
01-10-2015,Quarter2,finishing ,Saturday,7,0.8,2.9,937,1440,0,0,0,0,8,0.670075758
01-10-2015,Quarter2,finishing ,Saturday,8,0.8,2.9,1025,1440,0,0,0,0,8,0.628882576
01-10-2015,Quarter2,sweing,Saturday,5,0.5,20.79,989,7680,0,0,0,0,56,0.388007813
01-10-2015,Quarter2,finishing ,Saturday,5,0.5,4.15,950,1440,0,0,0,0,8,0.337973485
01-11-2015,Quarter2,finishing ,Sunday,3,0.75,4.15,1007,1440,0,0,0,0,8,0.93532197
01-11-2015,Quarter2,finishing ,Sunday,4,0.8,3.94,1048,3600,0,0,0,0,20,0.925643939
01-11-2015,Quarter2,sweing,Sunday,9,0.8,26.16,905,10620,88,0,0,0,59,0.900215716
01-11-2015,Quarter2,finishing ,Sunday,1,0.8,3.94,1047,1440,0,0,0,0,8,0.873068182
01-11-2015,Quarter2,finishing ,Sunday,9,0.8,3.94,1162,1440,0,0,0,0,8,0.858143939
01-11-2015,Quarter2,sweing,Sunday,1,0.8,26.16,1111,10620,75,0,0,0,59,0.850502311
01-11-2015,Quarter2,sweing,Sunday,7,0.8,25.9,1032,10170,45,0,0,0,56.5,0.850136766
01-11-2015,Quarter2,sweing,Sunday,8,0.8,25.9,1065,10170,60,0,0,0,56.5,0.850136766
01-11-2015,Quarter2,finishing ,Sunday,10,0.8,3.94,1156,1440,0,0,0,0,8,0.828295455
01-11-2015,Quarter2,finishing ,Sunday,2,0.8,3.94,1147,1440,0,0,0,0,8,0.820833333
01-11-2015,Quarter2,sweing,Sunday,6,0.8,11.41,1064,5490,50,0,0,0,30.5,0.800343766
01-11-2015,Quarter2,sweing,Sunday,12,0.8,11.61,990,5670,50,0,0,0,31.5,0.800246753
01-11-2015,Quarter2,sweing,Sunday,2,0.8,28.08,1120,10530,63,0,0,0,58.5,0.8
01-11-2015,Quarter2,sweing,Sunday,10,0.8,28.08,1033,10530,38,0,0,0,58.5,0.8
01-11-2015,Quarter2,sweing,Sunday,3,0.8,19.87,918,6420,0,0,0,0,55,0.690182815
01-11-2015,Quarter2,finishing ,Sunday,11,0.8,4.15,1070,1440,0,0,0,0,8,0.668087121
01-11-2015,Quarter2,finishing ,Sunday,8,0.8,2.9,893,1440,0,0,0,0,8,0.653598485
01-11-2015,Quarter2,finishing ,Sunday,5,0.5,4.15,1014,1440,0,0,0,0,8,0.609138258
01-11-2015,Quarter2,sweing,Sunday,11,0.6,12.52,986,9540,30,0,0,0,53,0.600229846
01-11-2015,Quarter2,finishing ,Sunday,6,0.8,2.9,1059,1440,0,0,0,0,8,0.597348485
01-11-2015,Quarter2,finishing ,Sunday,7,0.8,2.9,1039,1440,0,0,0,0,8,0.590435606
01-11-2015,Quarter2,sweing,Sunday,4,0.8,50.48,1112,10440,0,0,0,0,58,0.473134796
01-11-2015,Quarter2,sweing,Sunday,5,0.6,20.79,1117,7980,0,0,0,0,57,0.452979626
01-12-2015,Quarter2,finishing ,Monday,1,0.8,3.94,978,1440,0,0,0,0,8,0.955151515
01-12-2015,Quarter2,finishing ,Monday,4,0.35,4.3,999,3240,0,0,0,0,18,0.942213805
01-12-2015,Quarter2,finishing ,Monday,3,0.8,4.15,1056,1800,0,0,0,0,10,0.905454545
01-12-2015,Quarter2,finishing ,Monday,2,0.8,3.94,1127,1440,0,0,0,0,8,0.880530303
01-12-2015,Quarter2,finishing ,Monday,9,0.8,3.94,1134,1440,0,0,0,0,8,0.858143939
01-12-2015,Quarter2,sweing,Monday,1,0.8,26.16,932,8220,75,0,0,0,59,0.850522167
01-12-2015,Quarter2,sweing,Monday,9,0.8,26.16,1143,10620,75,0,0,0,59,0.850502311
01-12-2015,Quarter2,sweing,Monday,7,0.8,25.9,980,10170,60,0,0,0,56.5,0.850136766
01-12-2015,Quarter2,sweing,Monday,8,0.8,25.9,1128,10170,60,0,0,0,56.5,0.850136766
01-12-2015,Quarter2,finishing ,Monday,6,0.8,2.9,898,1440,0,0,0,0,8,0.817424242
01-12-2015,Quarter2,finishing ,Monday,5,0.65,4.15,1083,1440,0,0,0,0,8,0.809564394
01-12-2015,Quarter2,sweing,Monday,3,0.8,19.87,1040,9900,0,0,0,0,55,0.800273829
01-12-2015,Quarter2,sweing,Monday,6,0.8,11.41,1043,5670,50,0,0,0,31.5,0.800181818
01-12-2015,Quarter2,sweing,Monday,12,0.8,11.61,1083,4470,50,0,0,0,31.5,0.80007657
01-12-2015,Quarter2,sweing,Monday,2,0.8,28.08,1003,10530,63,0,0,0,58.5,0.8
01-12-2015,Quarter2,finishing ,Monday,8,0.8,2.9,989,1440,0,0,0,0,8,0.725
01-12-2015,Quarter2,sweing,Monday,10,0.8,50.48,1056,6930,45,0,0,0,58.5,0.688557555
01-12-2015,Quarter2,sweing,Monday,5,0.65,20.79,1119,8460,0,0,0,0,59,0.650040783
01-12-2015,Quarter2,sweing,Monday,11,0.65,12.52,1124,9540,44,0,0,0,53,0.64998056
01-12-2015,Quarter2,finishing ,Monday,7,0.8,2.9,1145,1440,0,0,0,0,8,0.648106061
01-12-2015,Quarter2,finishing ,Monday,11,0.8,4.15,1012,1440,0,0,0,0,8,0.640577652
01-12-2015,Quarter2,sweing,Monday,4,0.35,22.4,1001,7350,0,0,0,0,51.5,0.35063299
01-12-2015,Quarter2,finishing ,Monday,10,0.8,3.94,937,1440,0,0,0,0,8,0.24625
1/13/2015,Quarter2,finishing ,Tuesday,4,0.35,4.3,1026,2160,0,0,0,0,12,0.952020202
1/13/2015,Quarter2,finishing ,Tuesday,1,0.8,3.94,1100,1440,0,0,0,0,2,0.951420455
1/13/2015,Quarter2,finishing ,Tuesday,10,0.8,3.94,1121,5400,0,0,0,0,20,0.912766667
1/13/2015,Quarter2,finishing ,Tuesday,3,0.8,4.15,1139,1620,0,0,0,0,9,0.901262626
1/13/2015,Quarter2,finishing ,Tuesday,9,0.8,3.94,1151,1440,0,0,0,0,8,0.858143939
1/13/2015,Quarter2,sweing,Tuesday,1,0.8,26.16,903,10620,75,0,0,0,59,0.850502311
1/13/2015,Quarter2,sweing,Tuesday,9,0.8,26.16,1058,10620,75,0,0,0,59,0.850502311
1/13/2015,Quarter2,sweing,Tuesday,8,0.8,25.9,1085,10260,60,0,0,0,57,0.850252525
1/13/2015,Quarter2,sweing,Tuesday,7,0.8,25.9,1161,10170,60,0,0,0,56.5,0.850136766
1/13/2015,Quarter2,finishing ,Tuesday,5,0.65,4.15,962,1440,0,0,0,0,8,0.821354167
1/13/2015,Quarter2,finishing ,Tuesday,2,0.8,3.94,1067,1440,0,0,0,0,8,0.805909091
1/13/2015,Quarter2,sweing,Tuesday,6,0.8,11.61,928,5670,50,0,0,0,31.5,0.800246753
1/13/2015,Quarter2,sweing,Tuesday,12,0.8,11.61,1057,5670,50,0,0,0,31.5,0.800246753
1/13/2015,Quarter2,sweing,Tuesday,2,0.8,28.08,1035,10530,50,0,0,0,58.5,0.8
1/13/2015,Quarter2,sweing,Tuesday,3,0.8,42.27,1126,9900,54,0,0,0,55,0.705576584
1/13/2015,Quarter2,finishing ,Tuesday,8,0.8,2.9,1176,1440,0,0,0,0,8,0.681060606
1/13/2015,Quarter2,finishing ,Tuesday,7,0.8,2.9,1076,1440,0,0,0,0,8,0.670075758
1/13/2015,Quarter2,finishing ,Tuesday,11,0.8,4.15,1029,1440,0,0,0,0,8,0.601278409
1/13/2015,Quarter2,sweing,Tuesday,11,0.7,27.13,1026,9540,37,0,0,0,53,0.582301029
1/13/2015,Quarter2,sweing,Tuesday,5,0.7,20.79,1047,10440,0,0,0,0,58,0.526810345
1/13/2015,Quarter2,sweing,Tuesday,4,0.5,22.4,990,10170,23,0,0,0,56.5,0.500380799
1/13/2015,Quarter2,sweing,Tuesday,10,0.35,22.4,1106,10170,23,0,0,0,56.5,0.35020649
1/14/2015,Quarter2,finishing ,Wednesday,11,0.8,4.15,1044,1980,0,0,0,0,7,0.934607438
1/14/2015,Quarter2,finishing ,Wednesday,4,0.35,4.3,1009,2700,0,0,0,0,8,0.908080808
1/14/2015,Quarter2,sweing,Wednesday,7,0.8,25.9,1078,10170,70,0,0,0,56.5,0.900144811
1/14/2015,Quarter2,finishing ,Wednesday,1,0.8,3.94,931,1440,0,0,0,0,8,0.891723485
1/14/2015,Quarter2,finishing ,Wednesday,5,0.65,4.15,1014,1440,0,0,0,0,15,0.864583333
1/14/2015,Quarter2,finishing ,Wednesday,9,0.8,3.94,992,1440,0,0,0,0,8,0.858143939
1/14/2015,Quarter2,sweing,Wednesday,9,0.8,26.16,1096,10620,75,0,0,0,59,0.850502311
1/14/2015,Quarter2,sweing,Wednesday,8,0.8,25.9,990,10170,60,0,0,0,56.5,0.850136766
1/14/2015,Quarter2,finishing ,Wednesday,7,0.8,2.9,932,1440,0,0,0,0,8,0.837594697
1/14/2015,Quarter2,finishing ,Wednesday,3,0.8,4.15,1017,1440,0,0,0,0,7,0.820833333
1/14/2015,Quarter2,sweing,Wednesday,12,0.8,11.61,909,2970,50,0,0,0,31.5,0.800313433
1/14/2015,Quarter2,sweing,Wednesday,6,0.8,11.61,966,5670,38,0,0,0,31.5,0.800246753
1/14/2015,Quarter2,sweing,Wednesday,1,0.8,26.16,1152,10620,63,0,0,0,59,0.800117103
1/14/2015,Quarter2,sweing,Wednesday,5,0.7,20.79,942,7320,0,0,0,0,58,0.700095563
1/14/2015,Quarter2,finishing ,Wednesday,8,0.8,2.9,1100,1440,0,0,0,0,8,0.667329545
1/14/2015,Quarter2,sweing,Wednesday,4,0.6,22.4,1098,5100,23,0,0,0,57,0.600369686
1/14/2015,Quarter2,sweing,Wednesday,10,0.5,22.4,1040,3390,23,0,0,0,56.5,0.499980334
1/14/2015,Quarter2,sweing,Wednesday,11,0.35,14.61,1057,7200,23,0,0,0,55,0.35003125
1/14/2015,Quarter2,finishing ,Wednesday,10,0.8,3.94,1091,1260,0,0,0,0,8,0.332359307
1/14/2015,Quarter2,sweing,Wednesday,2,0.8,51.02,950,4260,27,0,0,0,57,0.311207464
1/14/2015,Quarter2,finishing ,Wednesday,2,0.8,3.94,1085,1260,0,0,0,0,8,0.247316017
1/15/2015,Quarter3,finishing ,Thursday,4,0.35,4.3,951,3600,0,0,0,0,20,0.988636364
1/15/2015,Quarter3,finishing ,Thursday,10,0.8,3.94,1110,3420,0,0,0,0,19,0.953110048
1/15/2015,Quarter3,finishing ,Thursday,1,0.8,3.94,1006,1440,0,0,0,0,8,0.884261364
1/15/2015,Quarter3,finishing ,Thursday,5,0.65,4.15,906,1440,0,0,0,0,8,0.860653409
1/15/2015,Quarter3,finishing ,Thursday,9,0.8,3.94,1044,1440,0,0,0,0,8,0.858143939
1/15/2015,Quarter3,sweing,Thursday,1,0.8,26.16,1090,10620,75,0,0,0,59,0.850502311
1/15/2015,Quarter3,sweing,Thursday,8,0.8,25.9,970,8970,60,0,0,0,56.5,0.850415628
1/15/2015,Quarter3,sweing,Thursday,7,0.8,25.9,1027,10170,60,0,0,0,56.5,0.850136766
1/15/2015,Quarter3,sweing,Thursday,9,0.8,26.16,1098,10620,63,0,0,0,59,0.800117103
1/15/2015,Quarter3,sweing,Thursday,6,0.8,11.61,995,4950,38,0,0,0,31.5,0.80003139
1/15/2015,Quarter3,sweing,Thursday,12,0.8,11.61,922,4950,50,0,0,0,31.5,0.80003139
1/15/2015,Quarter3,sweing,Thursday,5,0.7,20.79,1146,10440,0,0,0,0,58,0.700060345
1/15/2015,Quarter3,finishing ,Thursday,7,0.8,2.9,954,1440,0,0,0,0,8,0.689299242
1/15/2015,Quarter3,sweing,Thursday,3,0.5,22.52,997,10170,30,0,0,0,56.5,0.660683293
1/15/2015,Quarter3,sweing,Thursday,4,0.65,22.52,955,10080,26,0,0,0,56,0.650130952
1/15/2015,Quarter3,finishing ,Thursday,8,0.8,2.9,1168,1440,0,0,0,0,8,0.606912879
1/15/2015,Quarter3,sweing,Thursday,10,0.6,22.52,1127,10170,23,0,0,0,56.5,0.600291767
1/15/2015,Quarter3,sweing,Thursday,11,0.5,14.89,1097,9900,30,0,0,0,55,0.500025069
1/15/2015,Quarter3,sweing,Thursday,2,0.5,22.94,918,9810,23,0,0,0,54.5,0.499998888
1/17/2015,Quarter3,finishing ,Saturday,5,0.65,4.15,1177,2700,0,0,0,0,15,0.98719697
1/17/2015,Quarter3,finishing ,Saturday,2,0.8,3.94,1026,1800,0,0,0,0,10,0.980909091
1/17/2015,Quarter3,finishing ,Saturday,10,0.8,3.94,1148,1440,0,0,0,0,8,0.974621212
1/17/2015,Quarter3,finishing ,Saturday,1,0.8,3.94,1045,1440,0,0,0,0,8,0.884261364
1/17/2015,Quarter3,finishing ,Saturday,9,0.8,3.94,1048,1800,0,0,0,0,10,0.82680303
1/17/2015,Quarter3,sweing,Saturday,6,0.8,11.41,1084,5490,63,0,0,0,30.5,0.800343766
1/17/2015,Quarter3,sweing,Saturday,12,0.8,11.61,1045,5670,63,0,0,0,31.5,0.800246753
1/17/2015,Quarter3,sweing,Saturday,7,0.8,25.9,891,10170,50,0,0,0,56.5,0.800128721
1/17/2015,Quarter3,sweing,Saturday,8,0.8,25.9,1142,10170,50,0,0,0,56.5,0.800128721
1/17/2015,Quarter3,sweing,Saturday,1,0.8,48.68,956,10620,63,0,0,0,59,0.800117103
1/17/2015,Quarter3,sweing,Saturday,9,0.8,26.16,1121,10620,63,0,0,0,59,0.800117103
1/17/2015,Quarter3,sweing,Saturday,2,0.6,22.94,1132,6570,23,0,0,0,56.5,0.77011398
1/17/2015,Quarter3,sweing,Saturday,4,0.7,22.52,982,10170,50,0,0,0,56.5,0.7005417
1/17/2015,Quarter3,finishing ,Saturday,8,0.8,2.9,1055,1440,0,0,0,0,8,0.675568182
1/17/2015,Quarter3,finishing ,Saturday,7,0.8,2.9,1013,1440,0,0,0,0,8,0.661837121
1/17/2015,Quarter3,sweing,Saturday,10,0.65,22.52,905,9720,35,0,0,0,54,0.650198653
1/17/2015,Quarter3,sweing,Saturday,3,0.6,22.52,934,10170,30,0,0,0,56.5,0.600291767
1/17/2015,Quarter3,sweing,Saturday,11,0.6,14.89,911,10080,38,0,0,0,56,0.600273268
1/17/2015,Quarter3,finishing ,Saturday,6,0.8,2.9,945,900,0,0,0,0,5,0.465757576
1/17/2015,Quarter3,sweing,Saturday,5,0.7,41.19,1087,10440,21,0,0,0,58,0.452012539
1/17/2015,Quarter3,finishing ,Saturday,11,0.8,4.15,1170,1260,0,0,0,0,7,0.313852814
1/18/2015,Quarter3,finishing ,Sunday,5,0.6,4.15,1134,1440,0,0,0,0,8,0.852793561
1/18/2015,Quarter3,finishing ,Sunday,11,0.65,4.15,890,2160,0,0,0,0,12,0.838383838
1/18/2015,Quarter3,finishing ,Sunday,6,0.8,2.9,1170,1800,0,0,0,0,10,0.804848485
1/18/2015,Quarter3,sweing,Sunday,6,0.8,11.41,1010,5490,63,0,0,0,30.5,0.800343766
1/18/2015,Quarter3,sweing,Sunday,7,0.8,48.84,1095,10170,50,0,0,0,56.5,0.800128721
1/18/2015,Quarter3,sweing,Sunday,8,0.8,25.9,1091,10170,38,0,0,0,56.5,0.800128721
1/18/2015,Quarter3,sweing,Sunday,9,0.8,26.16,972,3660,50,0,0,0,59,0.800015009
1/18/2015,Quarter3,sweing,Sunday,4,0.7,22.52,985,10170,50,0,0,0,56.5,0.7005417
1/18/2015,Quarter3,sweing,Sunday,10,0.7,22.52,981,10080,40,0,0,0,56,0.700094156
1/18/2015,Quarter3,finishing ,Sunday,7,0.8,2.9,894,1440,0,0,0,0,8,0.692045455
1/18/2015,Quarter3,sweing,Sunday,12,0.8,26.87,970,5670,56,0,0,0,31.5,0.662255892
1/18/2015,Quarter3,sweing,Sunday,3,0.65,22.52,980,10170,35,0,0,0,56.5,0.650416734
1/18/2015,Quarter3,sweing,Sunday,11,0.65,14.89,981,10260,44,0,0,0,57,0.650299575
1/18/2015,Quarter3,sweing,Sunday,2,0.65,22.94,1011,10170,26,0,0,0,56.5,0.650243497
1/18/2015,Quarter3,finishing ,Sunday,8,0.8,2.9,1020,1440,0,0,0,0,8,0.639867424
1/18/2015,Quarter3,sweing,Sunday,5,0.6,20.4,1126,10440,30,0,0,0,58,0.600062696
1/18/2015,Quarter3,finishing ,Sunday,9,0.8,3.94,1074,1800,0,0,0,0,10,0.582045455
1/18/2015,Quarter3,sweing,Sunday,1,0.8,49.1,931,10350,24,0,0,0,57.5,0.403242161
1/18/2015,Quarter3,finishing ,Sunday,10,0.7,3.94,1170,1440,0,0,0,0,8,0.235795455
1/19/2015,Quarter3,finishing ,Monday,4,0.7,4.3,952,5040,0,0,0,0,28,0.977272727
1/19/2015,Quarter3,finishing ,Monday,9,0.8,3.94,1050,1800,0,0,0,0,10,0.964106061
1/19/2015,Quarter3,finishing ,Monday,5,0.65,4.15,967,1440,0,0,0,0,8,0.958901515
1/19/2015,Quarter3,sweing,Monday,6,0.8,11.41,981,4380,50,0,0,0,31,0.800358775
1/19/2015,Quarter3,sweing,Monday,8,0.8,25.9,952,3630,50,0,0,0,56.5,0.800162602
1/19/2015,Quarter3,sweing,Monday,9,0.8,26.16,1080,10620,63,0,0,0,59,0.800117103
1/19/2015,Quarter3,finishing ,Monday,12,0.8,2.9,918,1440,0,0,0,0,8,0.793844697
1/19/2015,Quarter3,sweing,Monday,2,0.7,22.94,925,10170,38,0,0,0,56.5,0.750517565
1/19/2015,Quarter3,sweing,Monday,4,0.7,22.52,1088,10260,63,0,0,0,57,0.750068049
1/19/2015,Quarter3,sweing,Monday,3,0.7,22.52,1078,10170,50,0,0,0,56.5,0.750062751
1/19/2015,Quarter3,sweing,Monday,10,0.7,22.52,1010,10080,63,0,0,0,56,0.750057359
1/19/2015,Quarter3,sweing,Monday,11,0.7,14.89,1071,10260,50,0,0,0,57,0.700170388
1/19/2015,Quarter3,finishing ,Monday,8,0.8,2.9,1053,1440,0,0,0,0,8,0.683806818
1/19/2015,Quarter3,sweing,Monday,5,0.65,20.4,1040,8280,35,0,0,0,58,0.650066445
1/19/2015,Quarter3,sweing,Monday,7,0.8,48.84,969,10260,30,0,0,0,57,0.576460393
1/19/2015,Quarter3,sweing,Monday,1,0.5,22.94,1001,10170,30,0,0,0,56.5,0.549969429
1/19/2015,Quarter3,finishing ,Monday,10,0.7,3.94,1057,1440,0,0,0,0,8,0.538399621
1/19/2015,Quarter3,finishing ,Monday,11,0.7,4.15,1038,1440,0,0,0,0,8,0.409545455
1/19/2015,Quarter3,sweing,Monday,12,0.35,15.26,1093,6120,23,0,0,0,34,0.35021836
1/20/2015,Quarter3,finishing ,Tuesday,5,0.7,4.15,1076,1440,0,0,0,0,8,1.033570076
1/20/2015,Quarter3,sweing,Tuesday,6,0.8,11.41,968,5580,63,0,0,0,31,0.800261486
1/20/2015,Quarter3,sweing,Tuesday,8,0.8,25.9,1138,10170,50,0,0,0,56.5,0.800128721
1/20/2015,Quarter3,sweing,Tuesday,9,0.8,26.16,1041,10620,63,0,0,0,59,0.800117103
1/20/2015,Quarter3,sweing,Tuesday,4,0.7,22.52,1015,10260,63,0,0,0,57,0.750068049
1/20/2015,Quarter3,sweing,Tuesday,10,0.7,22.52,1111,10080,63,0,0,0,56,0.750057359
1/20/2015,Quarter3,sweing,Tuesday,3,0.7,22.52,1129,8460,50,0,0,0,57,0.750037968
1/20/2015,Quarter3,sweing,Tuesday,2,0.7,22.94,1073,10260,50,0,0,0,57,0.750031898
1/20/2015,Quarter3,finishing ,Tuesday,9,0.8,3.94,1061,1800,0,0,0,0,10,0.72830303
1/20/2015,Quarter3,sweing,Tuesday,11,0.7,14.89,998,10260,50,0,0,0,57,0.700170388
1/20/2015,Quarter3,sweing,Tuesday,5,0.7,20.4,928,10260,50,0,0,0,57,0.700063796
1/20/2015,Quarter3,finishing ,Tuesday,8,0.8,2.9,1102,1440,0,0,0,0,8,0.639867424
1/20/2015,Quarter3,sweing,Tuesday,12,0.5,15.26,1129,3720,23,0,0,0,34,0.500290419
1/20/2015,Quarter3,sweing,Tuesday,7,0.35,22.94,1125,10080,30,0,0,0,56,0.400332792
1/20/2015,Quarter3,finishing ,Tuesday,11,0.7,4.15,1109,2700,0,0,0,0,15,0.362666667
1/21/2015,Quarter3,finishing ,Wednesday,4,0.75,4.3,1033,6000,0,0,0,0,20,0.978525641
1/21/2015,Quarter3,finishing ,Wednesday,2,0.7,3.94,1040,5100,0,0,0,0,17,0.912202112
1/21/2015,Quarter3,sweing,Wednesday,4,0.75,22.52,1058,10080,94,0,0,0,56,0.900556277
1/21/2015,Quarter3,sweing,Wednesday,6,0.8,11.61,1015,5760,75,0,0,0,89,0.850410511
1/21/2015,Quarter3,finishing ,Wednesday,9,0.8,3.94,1048,2400,0,0,0,0,8,0.827147436
1/21/2015,Quarter3,sweing,Wednesday,8,0.8,25.9,1118,7470,38,0,0,0,56.5,0.800436542
1/21/2015,Quarter3,sweing,Wednesday,2,0.7,22.94,897,10500,60,0,0,0,57,0.800415742
1/21/2015,Quarter3,sweing,Wednesday,10,0.7,22.52,918,10080,75,0,0,0,56,0.800020563
1/21/2015,Quarter3,finishing ,Wednesday,5,0.7,4.15,966,2400,0,0,0,0,8,0.758173077
1/21/2015,Quarter3,sweing,Wednesday,5,0.7,20.4,1010,10440,50,0,0,0,58,0.750344828
1/21/2015,Quarter3,sweing,Wednesday,3,0.7,22.52,935,10260,63,0,0,0,57,0.750068049
1/21/2015,Quarter3,sweing,Wednesday,11,0.7,14.89,1091,10260,50,0,0,0,57,0.700170388
1/21/2015,Quarter3,sweing,Wednesday,1,0.65,22.94,1154,10260,34,0,0,0,57,0.700029771
1/21/2015,Quarter3,sweing,Wednesday,12,0.6,15.26,1126,6360,23,0,0,0,34,0.60017284
1/21/2015,Quarter3,finishing ,Wednesday,8,0.8,2.9,958,2400,0,0,0,0,8,0.594871795
1/21/2015,Quarter3,sweing,Wednesday,9,0.8,54.56,1087,4140,29,0,0,0,58,0.520237649
1/21/2015,Quarter3,finishing ,Wednesday,1,0.65,3.94,1061,2400,0,0,0,0,8,0.505128205
1/21/2015,Quarter3,sweing,Wednesday,7,0.5,22.52,1058,10080,23,0,0,0,56,0.500241342
1/21/2015,Quarter3,finishing ,Wednesday,11,0.7,4.15,974,2700,0,0,0,0,9,0.470769231
1/22/2015,Quarter4,finishing ,Thursday,7,0.6,3.94,1145,6000,0,0,0,0,10,0.957638889
1/22/2015,Quarter4,finishing ,Thursday,10,0.75,3.94,977,8400,0,0,0,0,14,0.940701058
1/22/2015,Quarter4,sweing,Thursday,4,0.75,22.52,995,10080,81,0,0,0,56,0.849983766
1/22/2015,Quarter4,sweing,Thursday,2,0.7,22.94,964,10620,60,0,0,0,57,0.800302791
1/22/2015,Quarter4,sweing,Thursday,6,0.8,11.61,1105,6360,63,0,0,0,32,0.800191989
1/22/2015,Quarter4,sweing,Thursday,10,0.75,22.52,1040,10080,55,0,0,0,56,0.800020563
1/22/2015,Quarter4,sweing,Thursday,1,0.7,22.94,968,12180,63,0,0,0,57,0.750162367
1/22/2015,Quarter4,sweing,Thursday,3,0.7,22.52,1024,10260,63,0,0,0,57,0.750068049
1/22/2015,Quarter4,finishing ,Thursday,5,0.7,4.15,945,9000,0,0,0,0,15,0.742901235
1/22/2015,Quarter4,sweing,Thursday,5,0.7,20.4,962,10440,40,0,0,0,58,0.700250784
1/22/2015,Quarter4,sweing,Thursday,11,0.7,14.89,1109,10260,50,0,0,0,57,0.700170388
1/22/2015,Quarter4,finishing ,Thursday,4,0.75,4.3,972,9000,0,0,0,0,15,0.670216049
1/22/2015,Quarter4,finishing ,Thursday,1,0.7,3.94,954,15000,0,0,0,0,25,0.649662222
1/22/2015,Quarter4,finishing ,Thursday,2,0.7,3.94,943,15000,0,0,0,0,25,0.649662222
1/22/2015,Quarter4,finishing ,Thursday,6,0.8,2.9,1086,4800,0,0,0,0,8,0.626822917
1/22/2015,Quarter4,sweing,Thursday,12,0.6,15.26,1146,6960,23,0,0,0,34,0.600436426
1/22/2015,Quarter4,sweing,Thursday,7,0.6,22.52,1004,10260,23,0,0,0,57,0.60041361
1/22/2015,Quarter4,sweing,Thursday,8,0.8,40.99,1005,10770,30,0,0,0,56.5,0.555500132
1/22/2015,Quarter4,sweing,Thursday,9,0.5,29.12,919,10440,30,0,0,0,58,0.500547544
1/22/2015,Quarter4,finishing ,Thursday,3,0.7,3.94,1119,12000,0,0,0,0,20,0.460578704
1/22/2015,Quarter4,finishing ,Thursday,8,0.8,2.9,1091,4800,0,0,0,0,8,0.397743056
1/22/2015,Quarter4,finishing ,Thursday,12,0.6,4.08,1023,5400,0,0,0,0,9,0.327407407
1/24/2015,Quarter4,finishing ,Saturday,5,0.7,4.15,1176,2700,0,0,0,0,15,0.966666667
1/24/2015,Quarter4,finishing ,Saturday,10,0.75,3.94,1123,1800,0,0,0,0,10,0.937242424
1/24/2015,Quarter4,finishing ,Saturday,8,0.8,2.9,965,1620,0,0,0,0,9,0.910521886
1/24/2015,Quarter4,sweing,Saturday,2,0.75,22.94,980,10260,94,0,0,0,57,0.90064806
1/24/2015,Quarter4,sweing,Saturday,4,0.75,22.52,961,10260,94,0,0,0,57,0.900321106
1/24/2015,Quarter4,finishing ,Saturday,11,0.75,4.15,990,1800,0,0,0,0,10,0.896022727
1/24/2015,Quarter4,finishing ,Saturday,3,0.75,3.94,1077,1440,0,0,0,0,8,0.895454545
1/24/2015,Quarter4,finishing ,Saturday,7,0.65,3.94,1164,2160,0,0,0,0,12,0.870580808
1/24/2015,Quarter4,finishing ,Saturday,12,0.7,4.08,1041,1620,0,0,0,0,9,0.858585859
1/24/2015,Quarter4,sweing,Saturday,1,0.7,22.94,1071,10260,75,0,0,0,57,0.800643806
1/24/2015,Quarter4,sweing,Saturday,10,0.75,22.52,1165,10080,69,0,0,0,56,0.80062987
1/24/2015,Quarter4,sweing,Saturday,6,0.8,11.61,970,5640,63,0,0,0,32,0.800537143
1/24/2015,Quarter4,sweing,Saturday,3,0.75,22.52,1005,10260,69,0,0,0,57,0.80035194
1/24/2015,Quarter4,sweing,Saturday,12,0.75,15.26,914,6120,40,0,0,0,34,0.750079323
1/24/2015,Quarter4,sweing,Saturday,11,0.75,42.97,1038,10260,56,0,0,0,57,0.750041201
1/24/2015,Quarter4,sweing,Saturday,5,0.7,20.4,1073,10440,50,0,0,0,58,0.700250784
1/24/2015,Quarter4,finishing ,Saturday,4,0.75,4.3,891,2160,0,0,0,0,12,0.651515152
1/24/2015,Quarter4,sweing,Saturday,7,0.65,22.52,1098,10170,26,0,0,0,56.5,0.650416734
1/24/2015,Quarter4,sweing,Saturday,9,0.6,29.12,941,6660,23,0,0,0,58,0.600125217
1/24/2015,Quarter4,finishing ,Saturday,2,0.75,3.94,1101,1440,0,0,0,0,8,0.578314394
1/24/2015,Quarter4,finishing ,Saturday,1,0.7,3.94,1063,1440,0,0,0,0,8,0.578314394
1/24/2015,Quarter4,sweing,Saturday,8,0.35,15.09,902,9360,23,0,0,0,52,0.34998951
1/24/2015,Quarter4,finishing ,Saturday,9,0.6,3.94,897,1440,0,0,0,0,8,0.261174242
1/25/2015,Quarter4,finishing ,Sunday,5,0.7,4.15,1078,3060,0,0,0,0,17,0.973796791
1/25/2015,Quarter4,finishing ,Sunday,2,0.75,3.94,971,1440,0,0,0,0,8,0.970075758
1/25/2015,Quarter4,finishing ,Sunday,1,0.7,3.94,904,1440,0,0,0,0,8,0.970075758
1/25/2015,Quarter4,finishing ,Sunday,3,0.75,3.94,1056,1620,0,0,0,0,9,0.961784512
1/25/2015,Quarter4,finishing ,Sunday,10,0.75,3.94,1030,3420,0,0,0,0,19,0.955151515
1/25/2015,Quarter4,finishing ,Sunday,4,0.75,4.3,950,2160,0,0,0,0,12,0.952020202
1/25/2015,Quarter4,sweing,Sunday,4,0.75,22.52,931,10260,94,0,0,0,57,0.900321106
1/25/2015,Quarter4,sweing,Sunday,2,0.75,22.94,1140,10530,81,0,0,0,58.5,0.850223776
1/25/2015,Quarter4,sweing,Sunday,1,0.7,22.94,983,10530,75,0,0,0,58.5,0.800909609
1/25/2015,Quarter4,sweing,Sunday,3,0.75,22.52,984,10350,55,0,0,0,57.5,0.800513307
1/25/2015,Quarter4,sweing,Sunday,6,0.8,11.61,997,5760,63,0,0,0,32,0.800386364
1/25/2015,Quarter4,sweing,Sunday,10,0.75,22.52,1044,10080,69,0,0,0,56,0.800020563
1/25/2015,Quarter4,finishing ,Sunday,7,0.65,3.94,991,2520,0,0,0,0,14,0.749188312
1/25/2015,Quarter4,sweing,Sunday,7,0.7,22.52,1160,10170,40,0,0,0,56.5,0.7005417
1/25/2015,Quarter4,sweing,Sunday,12,0.7,15.26,1027,6120,40,0,0,0,34,0.70043672
1/25/2015,Quarter4,sweing,Sunday,5,0.7,20.4,944,10440,50,0,0,0,58,0.700250784
1/25/2015,Quarter4,sweing,Sunday,9,0.65,29.12,1036,10440,26,0,0,0,58,0.650407524
1/25/2015,Quarter4,finishing ,Sunday,12,0.7,4.08,1032,1620,0,0,0,0,9,0.618181818
1/25/2015,Quarter4,sweing,Sunday,11,0.75,42.97,1150,10260,40,0,0,0,57,0.59114168
1/25/2015,Quarter4,sweing,Sunday,8,0.5,15.09,961,720,23,0,0,0,52,0.500061916
1/25/2015,Quarter4,finishing ,Sunday,8,0.8,2.9,1091,720,0,0,0,0,4,0.329545455
1/26/2015,Quarter4,finishing ,Monday,3,0.75,3.94,906,1800,0,0,0,0,10,1.059621212
1/26/2015,Quarter4,finishing ,Monday,10,0.75,3.94,1099,3780,0,0,0,0,21,0.997792208
1/26/2015,Quarter4,finishing ,Monday,4,0.75,4.3,972,2160,0,0,0,0,12,0.963699495
1/26/2015,Quarter4,finishing ,Monday,5,0.7,4.15,890,2700,0,0,0,0,15,0.959191919
1/26/2015,Quarter4,finishing ,Monday,2,0.75,3.94,1071,1800,0,0,0,0,10,0.910378788
1/26/2015,Quarter4,finishing ,Monday,1,0.7,3.94,1102,1800,0,0,0,0,10,0.910378788
1/26/2015,Quarter4,sweing,Monday,4,0.8,22.52,1101,10170,60,0,0,0,56.5,0.850312684
1/26/2015,Quarter4,sweing,Monday,6,0.8,11.61,1086,5760,50,0,0,0,32,0.800386364
1/26/2015,Quarter4,sweing,Monday,3,0.75,22.52,960,10260,69,0,0,0,57,0.80035194
1/26/2015,Quarter4,sweing,Monday,2,0.75,22.94,961,10260,55,0,0,0,57,0.800034024
1/26/2015,Quarter4,sweing,Monday,1,0.7,22.94,987,10440,60,0,0,0,58,0.800023511
1/26/2015,Quarter4,sweing,Monday,10,0.75,22.52,982,10080,55,0,0,0,56,0.800020563
1/26/2015,Quarter4,finishing ,Monday,12,0.7,4.08,1100,1620,0,0,0,0,9,0.769292929
1/26/2015,Quarter4,sweing,Monday,5,0.75,20.4,934,10320,56,0,0,0,58,0.750031447
1/26/2015,Quarter4,sweing,Monday,9,0.7,29.12,1038,10440,40,0,0,0,58,0.70061442
1/26/2015,Quarter4,sweing,Monday,12,0.7,15.26,1078,6120,40,0,0,0,34,0.70043672
1/26/2015,Quarter4,finishing ,Monday,7,0.65,3.94,982,1440,0,0,0,0,8,0.646306818
1/26/2015,Quarter4,sweing,Monday,8,0.6,15.09,1138,360,23,0,0,0,52,0.600143365
1/26/2015,Quarter4,sweing,Monday,11,0.35,28.08,1078,10260,23,0,0,0,57,0.350066986
1/27/2015,Quarter4,sweing,Tuesday,2,0.75,22.52,1125,6840,119,0,0,0,57,1.000230409
1/27/2015,Quarter4,sweing,Tuesday,3,0.75,22.52,1118,6840,119,0,0,0,57,1.000230409
1/27/2015,Quarter4,finishing ,Tuesday,10,0.8,3.94,1117,1440,0,0,0,0,12,0.979527778
1/27/2015,Quarter4,finishing ,Tuesday,4,0.8,4.3,1119,1440,0,0,0,0,12,0.940625
1/27/2015,Quarter4,finishing ,Tuesday,5,0.5,4.15,1106,1440,0,0,0,0,12,0.926388889
1/27/2015,Quarter4,sweing,Tuesday,10,0.8,22.52,1029,6720,70,0,0,0,56,0.900129762
1/27/2015,Quarter4,finishing ,Tuesday,3,0.75,3.94,1155,1440,0,0,0,0,12,0.861875
1/27/2015,Quarter4,sweing,Tuesday,4,0.8,22.52,1129,6780,60,0,0,0,56.5,0.850312684
1/27/2015,Quarter4,finishing ,Tuesday,8,0.65,3.94,1072,960,0,0,0,0,8,0.845458333
1/27/2015,Quarter4,finishing ,Tuesday,12,0.7,4.15,924,1080,0,0,0,0,9,0.823555556
1/27/2015,Quarter4,finishing ,Tuesday,7,0.5,4.15,1012,960,0,0,0,0,8,0.803541667
1/27/2015,Quarter4,sweing,Tuesday,1,0.75,22.94,937,6960,55,0,0,0,58,0.800263218
1/27/2015,Quarter4,finishing ,Tuesday,2,0.75,3.94,1135,1200,0,0,0,0,10,0.788
1/27/2015,Quarter4,finishing ,Tuesday,1,0.75,3.94,1134,1200,0,0,0,0,10,0.77815
1/27/2015,Quarter4,sweing,Tuesday,9,0.7,29.12,1052,6960,50,0,0,0,58,0.700386207
1/27/2015,Quarter4,sweing,Tuesday,12,0.7,15.26,1077,4080,40,0,0,0,34,0.700164706
1/27/2015,Quarter4,sweing,Tuesday,8,0.65,15.09,989,240,23,0,0,0,52,0.650307143
1/27/2015,Quarter4,sweing,Tuesday,6,0.8,30.4,980,3840,34,0,0,0,32,0.622828125
1/27/2015,Quarter4,finishing ,Tuesday,6,0.8,2.9,1080,960,0,0,0,0,8,0.6225
1/27/2015,Quarter4,sweing,Tuesday,5,0.5,20.79,938,6960,30,0,0,0,58,0.500035345
1/27/2015,Quarter4,sweing,Tuesday,11,0.5,48.18,1160,6480,23,0,0,0,54,0.37046657
1/28/2015,Quarter4,sweing,Wednesday,2,0.8,22.52,999,6840,90,0,0,0,57,1.000230409
1/28/2015,Quarter4,sweing,Wednesday,3,0.8,22.52,1153,6840,113,0,0,0,57,1.000230409
1/28/2015,Quarter4,finishing ,Wednesday,6,0.35,2.9,948,1800,0,0,0,0,15,0.977555556
1/28/2015,Quarter4,finishing ,Wednesday,1,0.75,3.94,1105,1200,0,0,0,0,10,0.9456
1/28/2015,Quarter4,finishing ,Wednesday,2,0.8,3.94,1142,1800,0,0,0,0,15,0.902222222
1/28/2015,Quarter4,sweing,Wednesday,10,0.8,22.52,907,6720,60,0,0,0,56,0.850532143
1/28/2015,Quarter4,sweing,Wednesday,1,0.75,22.94,1124,6960,81,0,0,0,58,0.850362069
1/28/2015,Quarter4,finishing ,Wednesday,10,0.8,3.94,1031,1200,0,0,0,0,10,0.840533333
1/28/2015,Quarter4,sweing,Wednesday,5,0.6,20.79,1169,6960,88,0,0,0,58,0.800534483
1/28/2015,Quarter4,sweing,Wednesday,4,0.8,22.52,1169,6780,50,0,0,0,56.5,0.800489676
1/28/2015,Quarter4,finishing ,Wednesday,12,0.75,4.08,1075,1080,0,0,0,0,9,0.755555556
1/28/2015,Quarter4,sweing,Wednesday,9,0.7,29.12,1166,6960,63,0,0,0,58,0.750593103
1/28/2015,Quarter4,sweing,Wednesday,12,0.75,15.26,1059,3600,45,0,0,0,35,0.750283333
1/28/2015,Quarter4,finishing ,Wednesday,4,0.8,4.3,1139,1440,0,0,0,0,12,0.722638889
1/28/2015,Quarter4,finishing ,Wednesday,8,0.65,4.15,934,960,0,0,0,0,8,0.553333333
1/28/2015,Quarter4,sweing,Wednesday,11,0.5,20.1,983,5880,46,0,0,0,54,0.500567308
1/28/2015,Quarter4,sweing,Wednesday,8,0.7,38.09,1062,6240,0,0,0,0,52,0.467693269
1/28/2015,Quarter4,sweing,Wednesday,6,0.35,18.79,936,1800,23,0,0,0,32,0.437995338
1/28/2015,Quarter4,finishing ,Wednesday,7,0.6,3.94,977,960,0,0,0,0,8,0.406354167
1/28/2015,Quarter4,sweing,Wednesday,7,0.6,23.54,1086,6600,0,0,0,0,55,0.285333333
1/28/2015,Quarter4,finishing ,Wednesday,11,0.5,2.9,1025,960,0,0,0,0,8,0.259375
1/29/2015,Quarter5,sweing,Thursday,2,0.8,22.52,1110,6840,113,0,0,0,57,1.000230409
1/29/2015,Quarter5,finishing ,Thursday,4,0.8,4.3,904,1200,0,0,0,0,10,0.989
1/29/2015,Quarter5,sweing,Thursday,3,0.8,22.52,1058,6840,100,0,0,0,57,0.950185965
1/29/2015,Quarter5,sweing,Thursday,4,0.8,22.52,1013,6900,88,0,0,0,57.5,0.9008
1/29/2015,Quarter5,sweing,Thursday,10,0.8,22.52,1045,6720,88,0,0,0,56,0.900129762
1/29/2015,Quarter5,finishing ,Thursday,6,0.5,2.9,1079,1200,0,0,0,0,10,0.899
1/29/2015,Quarter5,finishing ,Thursday,8,0.65,4.15,1088,960,0,0,0,0,8,0.877552083
1/29/2015,Quarter5,finishing ,Thursday,11,0.6,2.9,1093,960,0,0,0,0,8,0.864583333
1/29/2015,Quarter5,finishing ,Thursday,10,0.8,3.94,1162,1200,0,0,0,0,10,0.85695
1/29/2015,Quarter5,finishing ,Thursday,1,0.75,3.94,895,1200,0,0,0,0,10,0.853666667
1/29/2015,Quarter5,sweing,Thursday,1,0.75,22.94,939,6960,81,0,0,0,58,0.850362069
1/29/2015,Quarter5,sweing,Thursday,9,0.7,29.12,1084,6960,53,0,0,0,58,0.850170115
1/29/2015,Quarter5,sweing,Thursday,5,0.65,20.79,1078,7080,81,0,0,0,59,0.800473729
1/29/2015,Quarter5,finishing ,Thursday,2,0.8,3.94,1004,1200,0,0,0,0,10,0.773333333
1/29/2015,Quarter5,sweing,Thursday,12,0.75,15.26,1109,4200,45,0,0,0,35,0.750646667
1/29/2015,Quarter5,finishing ,Thursday,12,0.75,4.08,1027,1080,0,0,0,0,9,0.634666667
1/29/2015,Quarter5,sweing,Thursday,11,0.6,20.1,1030,4320,46,0,0,0,51,0.60059761
1/29/2015,Quarter5,sweing,Thursday,6,0.5,18.79,903,3960,23,0,0,0,33,0.500117677
1/29/2015,Quarter5,finishing ,Thursday,3,0.8,3.94,977,960,0,0,0,0,8,0.4925
1/29/2015,Quarter5,sweing,Thursday,7,0.65,23.54,920,6600,0,0,0,0,55,0.48792
1/31/2015,Quarter5,sweing,Saturday,3,0.8,22.52,1089,6960,113,0,0,0,58,1.000457471
1/31/2015,Quarter5,sweing,Saturday,2,0.8,22.52,1151,6840,113,0,0,0,57,1.000230409
1/31/2015,Quarter5,finishing ,Saturday,2,0.8,3.94,963,1200,0,0,0,0,10,0.971866667
1/31/2015,Quarter5,finishing ,Saturday,3,0.8,3.94,931,960,0,0,0,0,8,0.971866667
1/31/2015,Quarter5,finishing ,Saturday,4,0.8,3.94,1093,1200,0,0,0,0,10,0.971866667
1/31/2015,Quarter5,finishing ,Saturday,10,0.8,3.94,986,1200,0,0,0,0,10,0.971866667
1/31/2015,Quarter5,finishing ,Saturday,1,0.75,3.94,916,1800,0,0,0,0,15,0.971866667
1/31/2015,Quarter5,finishing ,Saturday,9,0.75,3.94,1028,240,0,0,0,0,2,0.971866667
1/31/2015,Quarter5,finishing ,Saturday,12,0.75,4.08,1160,1080,0,0,0,0,9,0.971866667
1/31/2015,Quarter5,finishing ,Saturday,5,0.7,3.94,922,240,0,0,0,0,2,0.971866667
1/31/2015,Quarter5,finishing ,Saturday,7,0.7,3.94,1106,1200,0,0,0,0,10,0.971866667
1/31/2015,Quarter5,finishing ,Saturday,8,0.65,3.94,1135,960,0,0,0,0,8,0.971866667
1/31/2015,Quarter5,finishing ,Saturday,11,0.65,3.94,909,600,0,0,0,0,5,0.971866667
1/31/2015,Quarter5,finishing ,Saturday,6,0.6,3.94,952,1200,0,0,0,0,10,0.971866667
1/31/2015,Quarter5,sweing,Saturday,10,0.8,22.52,910,6720,93,0,0,0,56,0.920236905
1/31/2015,Quarter5,sweing,Saturday,4,0.8,22.52,1021,6660,88,0,0,0,57.5,0.900537069
1/31/2015,Quarter5,sweing,Saturday,9,0.75,29.12,1131,6840,81,0,0,0,57,0.850610526
1/31/2015,Quarter5,sweing,Saturday,1,0.75,22.94,1072,6960,81,0,0,0,58,0.850362069
1/31/2015,Quarter5,sweing,Saturday,12,0.75,15.26,1057,4200,45,0,0,0,35,0.750646667
1/31/2015,Quarter5,sweing,Saturday,5,0.7,50.89,945,5880,56,0,0,0,59,0.656763743
1/31/2015,Quarter5,sweing,Saturday,11,0.65,20.1,999,6480,49,0,0,0,54,0.650148148
1/31/2015,Quarter5,sweing,Saturday,6,0.6,18.79,1059,3960,23,0,0,0,33,0.600710606
1/31/2015,Quarter5,sweing,Saturday,7,0.7,23.54,995,6720,0,0,0,0,56,0.388830357
1/31/2015,Quarter5,sweing,Saturday,8,0.5,23.54,1136,6480,0,0,0,0,54,0.286984568
02-01-2015,Quarter1,finishing ,Sunday,8,0.65,4.15,915,960,0,0,0,0,8,1.0115625
02-01-2015,Quarter1,sweing,Sunday,2,0.8,22.52,1114,6900,113,0,0,0,57.5,1.000671304
02-01-2015,Quarter1,sweing,Sunday,1,0.8,22.94,977,3060,113,0,0,0,58.5,1.000402055
02-01-2015,Quarter1,finishing ,Sunday,1,0.75,3.94,1018,2280,0,0,0,0,19,0.950438596
02-01-2015,Quarter1,sweing,Sunday,3,0.8,22.52,907,6840,100,0,0,0,57,0.950185965
02-01-2015,Quarter1,finishing ,Sunday,2,0.8,3.94,1008,1200,0,0,0,0,10,0.912766667
02-01-2015,Quarter1,finishing ,Sunday,7,0.7,3.94,1142,2160,0,0,0,0,18,0.892194444
02-01-2015,Quarter1,finishing ,Sunday,10,0.8,3.94,1103,1200,0,0,0,0,10,0.8865
02-01-2015,Quarter1,sweing,Sunday,10,0.8,22.52,1111,6720,75,0,0,0,56,0.850532143
02-01-2015,Quarter1,sweing,Sunday,4,0.8,22.52,1065,7020,60,0,0,0,58.5,0.85011396
02-01-2015,Quarter1,finishing ,Sunday,4,0.8,4.3,1009,1440,0,0,0,0,12,0.845069444
02-01-2015,Quarter1,sweing,Sunday,9,0.75,29.12,965,6960,45,0,0,0,58,0.750593103
02-01-2015,Quarter1,sweing,Sunday,12,0.75,15.26,1139,1440,45,0,0,0,35,0.750450658
02-01-2015,Quarter1,finishing ,Sunday,12,0.75,4.08,1090,1080,0,0,0,0,9,0.702666667
02-01-2015,Quarter1,sweing,Sunday,11,0.7,20.1,943,6120,75,0,0,0,54,0.700508929
02-01-2015,Quarter1,sweing,Sunday,6,0.65,18.79,1082,3960,26,0,0,0,33,0.651007071
02-01-2015,Quarter1,sweing,Sunday,8,0.6,24.26,947,6600,0,0,0,0,55,0.466821212
02-01-2015,Quarter1,sweing,Sunday,7,0.7,24.26,970,6720,0,0,0,0,56,0.411553571
02-01-2015,Quarter1,finishing ,Sunday,6,0.6,2.9,1086,1200,0,0,0,0,10,0.314166667
02-02-2015,Quarter1,sweing,Monday,1,0.8,22.94,1019,7020,113,0,0,0,58.5,1.000602279
02-02-2015,Quarter1,finishing ,Monday,9,0.75,3.94,1069,960,0,0,0,0,8,0.994270833
02-02-2015,Quarter1,sweing,Monday,2,0.8,22.52,1152,7020,88,0,0,0,58.5,0.900158405
02-02-2015,Quarter1,sweing,Monday,3,0.8,22.52,978,6840,70,0,0,0,57,0.90014152
02-02-2015,Quarter1,sweing,Monday,10,0.8,22.52,1166,6720,88,0,0,0,56,0.900129762
02-02-2015,Quarter1,finishing ,Monday,10,0.8,3.94,1081,1200,0,0,0,0,10,0.85695
02-02-2015,Quarter1,finishing ,Monday,4,0.8,4.3,1014,1440,0,0,0,0,12,0.809236111
02-02-2015,Quarter1,sweing,Monday,12,0.8,15.26,1141,3600,63,0,0,0,35,0.800401961
02-02-2015,Quarter1,sweing,Monday,4,0.8,22.52,1079,5940,50,0,0,0,56.5,0.800393224
02-02-2015,Quarter1,sweing,Monday,9,0.75,29.12,961,6960,55,0,0,0,58,0.799963218
02-02-2015,Quarter1,finishing ,Monday,12,0.75,4.08,1076,1080,0,0,0,0,9,0.740444444
02-02-2015,Quarter1,sweing,Monday,11,0.7,20.55,1165,6480,60,0,0,0,54,0.700398148
02-02-2015,Quarter1,sweing,Monday,6,0.7,18.79,1036,3960,30,0,0,0,33,0.700354545
02-02-2015,Quarter1,finishing ,Monday,8,0.65,4.15,1022,960,0,0,0,0,8,0.561979167
02-02-2015,Quarter1,finishing ,Monday,1,0.75,3.94,1022,2280,0,0,0,0,19,0.504596491
02-02-2015,Quarter1,sweing,Monday,5,0.5,30.1,1116,6960,0,0,0,0,58,0.500801724
02-02-2015,Quarter1,sweing,Monday,7,0.7,24.26,1106,6720,0,0,0,0,56,0.295307738
02-02-2015,Quarter1,finishing ,Monday,6,0.6,2.9,1091,1200,0,0,0,0,10,0.280333333
02-02-2015,Quarter1,sweing,Monday,8,0.65,24.26,1161,6600,0,0,0,0,55,0.260978788
02-03-2015,Quarter1,finishing ,Tuesday,2,0.8,3.94,906,2400,0,0,0,0,20,1.001416667
02-03-2015,Quarter1,sweing,Tuesday,1,0.8,22.52,896,6900,113,0,0,0,57.5,1.000018551
02-03-2015,Quarter1,sweing,Tuesday,10,0.8,22.52,1100,6720,90,0,0,0,56,0.999995238
02-03-2015,Quarter1,finishing ,Tuesday,1,0.8,3.94,1108,1200,0,0,0,0,10,0.99485
02-03-2015,Quarter1,finishing ,Tuesday,8,0.7,4.15,941,960,0,0,0,0,8,0.976979167
02-03-2015,Quarter1,sweing,Tuesday,3,0.8,22.52,1177,6840,100,0,0,0,57,0.950185965
02-03-2015,Quarter1,sweing,Tuesday,2,0.8,22.52,929,6960,100,0,0,0,58,0.949981609
02-03-2015,Quarter1,finishing ,Tuesday,9,0.75,3.94,1009,1320,0,0,0,0,11,0.919954545
02-03-2015,Quarter1,sweing,Tuesday,4,0.8,22.52,906,5460,63,0,0,0,56.5,0.800434622
02-03-2015,Quarter1,sweing,Tuesday,12,0.8,15.26,1124,2040,50,0,0,0,35,0.800259023
02-03-2015,Quarter1,finishing ,Tuesday,12,0.8,4.08,1054,1080,0,0,0,0,9,0.778222222
02-03-2015,Quarter1,sweing,Tuesday,9,0.75,29.12,1086,6960,34,0,0,0,58,0.750593103
02-03-2015,Quarter1,sweing,Tuesday,11,0.7,25.31,995,5760,60,0,0,0,54,0.700513566
02-03-2015,Quarter1,sweing,Tuesday,6,0.7,18.79,1092,4020,30,0,0,0,33.5,0.700184577
02-03-2015,Quarter1,sweing,Tuesday,8,0.7,24.26,897,6660,0,0,0,0,55.5,0.586465465
02-03-2015,Quarter1,sweing,Tuesday,7,0.7,24.26,1159,6720,0,0,0,0,56,0.541517857
02-03-2015,Quarter1,finishing ,Tuesday,4,0.8,4.3,1022,1440,0,0,0,0,12,0.5375
02-03-2015,Quarter1,finishing ,Tuesday,6,0.7,2.9,1094,960,0,0,0,0,8,0.495416667
02-03-2015,Quarter1,sweing,Tuesday,5,0.6,30.1,976,6960,0,0,0,0,58,0.415172414
02-04-2015,Quarter1,sweing,Wednesday,2,0.8,22.52,1067,6900,100,0,0,0,57.5,1.05028058
02-04-2015,Quarter1,sweing,Wednesday,3,0.8,22.52,1043,6840,113,0,0,0,57,1.000230409
02-04-2015,Quarter1,sweing,Wednesday,10,0.8,22.52,1132,6720,113,0,0,0,56,0.999995238
02-04-2015,Quarter1,finishing,Wednesday,2,0.8,3.94,987,2160,0,0,0,0,18,0.966759259
02-04-2015,Quarter1,finishing,Wednesday,1,0.8,3.94,1063,1200,0,0,0,0,10,0.929183333
02-04-2015,Quarter1,finishing,Wednesday,8,0.7,4.15,1176,3000,0,0,0,0,25,0.915766667
02-04-2015,Quarter1,sweing,Wednesday,1,0.8,22.52,971,6900,88,0,0,0,57.5,0.900147246
02-04-2015,Quarter1,sweing,Wednesday,12,0.8,15.26,1027,4080,38,0,0,0,34,0.800401961
02-04-2015,Quarter1,sweing,Wednesday,9,0.8,22.52,1124,6960,50,0,0,0,58,0.799963218
02-04-2015,Quarter1,finishing,Wednesday,7,0.7,3.94,1071,960,0,0,0,0,8,0.779791667
02-04-2015,Quarter1,finishing,Wednesday,9,0.75,3.94,1086,960,0,0,0,0,8,0.755166667
02-04-2015,Quarter1,sweing,Wednesday,6,0.7,18.79,913,3360,30,0,0,0,33,0.700710417
02-04-2015,Quarter1,sweing,Wednesday,7,0.7,24.26,1038,6960,0,0,0,0,58,0.700612069
02-04-2015,Quarter1,sweing,Wednesday,11,0.7,10.05,956,6120,60,0,0,0,53,0.700278846
02-04-2015,Quarter1,sweing,Wednesday,8,0.7,29.12,1114,6840,0,0,0,0,57,0.700135088
02-04-2015,Quarter1,finishing ,Wednesday,12,0.8,4.08,976,1080,0,0,0,0,9,0.687555556
02-04-2015,Quarter1,sweing,Wednesday,5,0.65,30.1,1057,5820,0,90,10,0,58.5,0.650834808
02-04-2015,Quarter1,finishing,Wednesday,6,0.7,2.9,993,960,0,0,0,0,8,0.531666667
02-04-2015,Quarter1,sweing,Wednesday,4,0.35,30.1,1154,6060,23,150,15,0,55.5,0.350706422
02-05-2015,Quarter1,sweing,Thursday,2,0.8,22.52,993,6780,113,0,0,0,56.5,1.000446018
02-05-2015,Quarter1,sweing,Thursday,1,0.8,22.52,945,6900,113,0,0,0,57.5,1.000018551
02-05-2015,Quarter1,sweing,Thursday,10,0.8,22.52,901,6720,113,0,0,0,56,0.999995238
02-05-2015,Quarter1,finishing,Thursday,2,0.8,3.94,1169,2640,0,0,0,0,22,0.999924242
02-05-2015,Quarter1,sweing,Thursday,3,0.8,22.52,1163,6840,100,0,0,0,57,0.950185965
02-05-2015,Quarter1,finishing,Thursday,6,0.7,2.9,1165,960,0,0,0,0,8,0.9425
02-05-2015,Quarter1,finishing,Thursday,12,0.8,4.08,1111,1080,0,0,0,0,9,0.906666667
02-05-2015,Quarter1,finishing,Thursday,7,0.7,3.94,1024,1200,0,0,0,0,10,0.8471
02-05-2015,Quarter1,finishing,Thursday,1,0.8,3.94,1105,1440,0,0,0,0,12,0.845458333
02-05-2015,Quarter1,sweing,Thursday,12,0.8,15.26,905,720,38,0,0,0,34,0.800612676
02-05-2015,Quarter1,sweing,Thursday,9,0.8,29.12,1057,6960,50,0,0,0,58,0.799963218
02-05-2015,Quarter1,finishing,Thursday,10,0.8,3.94,1011,960,0,0,0,0,8,0.771583333
02-05-2015,Quarter1,sweing,Thursday,11,0.75,10.05,1090,2520,34,0,0,0,26,0.7504
02-05-2015,Quarter1,sweing,Thursday,6,0.7,18.79,1079,2760,30,0,0,0,33,0.700079032
02-05-2015,Quarter1,sweing,Thursday,5,0.7,30.1,1136,6960,0,0,0,0,58,0.562212644
02-05-2015,Quarter1,sweing,Thursday,7,0.07,24.26,966,6960,0,0,0,0,58,0.522844828
02-05-2015,Quarter1,sweing,Thursday,4,0.5,30.1,1130,6360,23,0,0,1,53,0.500720126
02-05-2015,Quarter1,sweing,Thursday,8,0.7,24.26,1116,6840,0,0,0,0,57,0.496549708
02-07-2015,Quarter1,finishing,Saturday,2,0.8,3.94,952,3000,0,0,0,0,25,1.050666667
02-07-2015,Quarter1,sweing,Saturday,2,0.8,22.52,1054,6900,113,0,0,0,58,1.000018551
02-07-2015,Quarter1,sweing,Saturday,3,0.8,22.52,929,6840,100,0,0,0,57,0.950185965
02-07-2015,Quarter1,sweing,Saturday,1,0.8,22.52,1034,6780,88,0,0,0,57,0.900135693
02-07-2015,Quarter1,sweing,Saturday,10,0.8,22.52,978,6720,88,0,0,0,56,0.900129762
02-07-2015,Quarter1,finishing,Saturday,12,0.8,4.08,1140,1080,0,0,0,0,9,0.899111111
02-07-2015,Quarter1,finishing,Saturday,1,0.8,3.94,989,1200,0,0,0,0,10,0.870083333
02-07-2015,Quarter1,finishing,Saturday,6,0.75,2.9,908,960,0,0,0,0,8,0.845833333
02-07-2015,Quarter1,sweing,Saturday,12,0.8,15.26,1006,4080,63,0,0,0,34,0.800401961
02-07-2015,Quarter1,sweing,Saturday,9,0.8,29.12,1047,6960,50,0,0,0,58,0.799963218
02-07-2015,Quarter1,finishing,Saturday,9,0.8,3.94,1031,960,0,0,0,0,8,0.771583333
02-07-2015,Quarter1,sweing,Saturday,6,0.75,18.79,1111,1560,34,0,0,0,33,0.750520115
02-07-2015,Quarter1,sweing,Saturday,11,0.75,10.05,1121,3240,45,0,0,0,27,0.750027778
02-07-2015,Quarter1,finishing,Saturday,7,0.7,3.94,1069,1200,0,0,0,0,10,0.715766667
02-07-2015,Quarter1,sweing,Saturday,7,0.7,24.26,1052,6960,0,270,45,0,58,0.662270115
02-07-2015,Quarter1,sweing,Saturday,4,0.6,30.1,926,6780,30,0,0,1,57,0.600224189
02-07-2015,Quarter1,sweing,Saturday,5,0.7,30.1,945,7500,0,0,0,0,59,0.545657673
02-07-2015,Quarter1,finishing,Saturday,4,0.8,4.3,1081,960,0,0,0,0,8,0.447916667
02-07-2015,Quarter1,sweing,Saturday,8,0.7,24.26,1170,6840,0,300,37,0,57,0.365318713
02-08-2015,Quarter2,sweing,Sunday,2,0.8,22.52,959,6900,113,0,0,0,57.5,1.000018551
02-08-2015,Quarter2,finishing,Sunday,7,0.7,4.15,1128,1440,0,0,0,0,12,0.928680556
02-08-2015,Quarter2,sweing,Sunday,10,0.8,22.52,1164,6720,88,0,0,0,56,0.9008
02-08-2015,Quarter2,sweing,Sunday,1,0.8,22.52,926,6780,88,0,0,0,56.5,0.900135693
02-08-2015,Quarter2,sweing,Sunday,3,0.8,22.52,1096,6720,88,0,0,0,56,0.900129762
02-08-2015,Quarter2,finishing,Sunday,1,0.8,3.94,956,1200,0,0,0,0,10,0.893066667
02-08-2015,Quarter2,finishing,Sunday,12,0.8,4.08,1157,1080,0,0,0,0,9,0.891555556
02-08-2015,Quarter2,finishing,Sunday,2,0.8,3.94,1165,2160,0,0,0,0,18,0.875555556
02-08-2015,Quarter2,finishing,Sunday,8,0.7,4.15,984,1800,0,0,0,0,15,0.840888889
02-08-2015,Quarter2,sweing,Sunday,12,0.8,15.26,1073,2880,63,0,0,0,34,0.800355208
02-08-2015,Quarter2,sweing,Sunday,9,0.8,29.12,1001,6960,50,0,0,0,58,0.799963218
02-08-2015,Quarter2,sweing,Sunday,6,0.75,18.79,985,3960,34,0,0,0,33,0.75065101
02-08-2015,Quarter2,sweing,Sunday,11,0.75,10.05,1040,3240,45,0,0,0,27,0.750027778
02-08-2015,Quarter2,sweing,Sunday,5,0.7,30.1,1123,7020,0,0,0,0,58.5,0.700618234
02-08-2015,Quarter2,finishing,Sunday,6,0.75,2.9,948,960,0,0,0,0,8,0.610208333
02-08-2015,Quarter2,finishing,Sunday,9,0.8,3.94,938,960,0,0,0,0,8,0.607416667
02-08-2015,Quarter2,sweing,Sunday,4,0.65,30.1,1145,6780,44,0,0,1,56.5,0.568259587
02-08-2015,Quarter2,sweing,Sunday,7,0.7,24.26,988,6960,0,0,0,0,58,0.355534483
02-08-2015,Quarter2,sweing,Sunday,8,0.7,24.26,1052,6840,0,0,0,0,57,0.353259649
02-09-2015,Quarter2,finishing,Monday,2,0.8,3.94,892,2160,0,0,0,0,18,1.057962963
02-09-2015,Quarter2,finishing,Monday,1,0.8,3.94,1127,1200,0,0,0,0,10,0.962016667
02-09-2015,Quarter2,sweing,Monday,10,0.8,22.52,942,120,88,0,0,0,56,0.9008
02-09-2015,Quarter2,sweing,Monday,1,0.8,22.52,1045,3600,70,0,0,0,57,0.900509044
02-09-2015,Quarter2,sweing,Monday,2,0.8,22.52,1082,360,70,0,0,0,57,0.900477825
02-09-2015,Quarter2,finishing,Monday,6,0.75,2.9,925,960,0,0,0,0,8,0.888125
02-09-2015,Quarter2,sweing,Monday,12,0.8,15.26,1051,4080,63,0,0,0,34,0.800401961
02-09-2015,Quarter2,sweing,Monday,3,0.8,22.52,915,5400,50,0,0,0,57,0.800161172
02-09-2015,Quarter2,sweing,Monday,9,0.8,29.12,1135,6960,50,0,0,0,58,0.799963218
02-09-2015,Quarter2,sweing,Monday,4,0.7,30.1,970,3300,50,0,0,1,57,0.790003236
02-09-2015,Quarter2,sweing,Monday,11,0.75,10.05,1050,0,45,0,0,0,54,0.750648148
02-09-2015,Quarter2,finishing,Monday,8,0.35,4.15,940,1800,0,0,0,0,15,0.707111111
02-09-2015,Quarter2,sweing,Monday,5,0.7,30.1,954,7020,40,0,0,0,58,0.700618234
02-09-2015,Quarter2,finishing,Monday,9,0.8,3.94,1109,960,0,0,0,0,8,0.697708333
02-09-2015,Quarter2,sweing,Monday,6,0.75,18.79,1055,4080,0,0,0,0,34,0.612517157
02-09-2015,Quarter2,sweing,Monday,7,0.35,30.1,926,6960,0,0,0,1,58,0.350301724
02-09-2015,Quarter2,sweing,Monday,8,0.35,30.1,944,6960,0,0,0,1,58,0.350301724
02-09-2015,Quarter2,finishing,Monday,12,0.8,4.08,947,1080,0,0,0,0,9,0.272
02-10-2015,Quarter2,finishing,Tuesday,12,0.8,4.08,1042,1080,0,0,0,0,9,1.004888889
02-10-2015,Quarter2,finishing,Tuesday,2,0.8,3.94,1165,2160,0,0,0,0,18,0.966759259
02-10-2015,Quarter2,sweing,Tuesday,10,0.8,22.52,1058,0,88,0,0,0,56,0.90063244
02-10-2015,Quarter2,sweing,Tuesday,1,0.8,22.52,971,0,88,0,0,0,57,0.90047076
02-10-2015,Quarter2,sweing,Tuesday,3,0.8,22.52,1077,0,88,0,0,0,57,0.90047076
02-10-2015,Quarter2,sweing,Tuesday,2,0.8,22.52,1154,0,88,0,0,0,57,0.899984058
02-10-2015,Quarter2,finishing,Tuesday,1,0.8,3.94,927,1440,0,0,0,0,12,0.853666667
02-10-2015,Quarter2,sweing,Tuesday,9,0.8,29.12,937,2160,38,0,0,0,58,0.8008
02-10-2015,Quarter2,sweing,Tuesday,12,0.8,15.26,1049,4080,50,0,0,0,34,0.800401961
02-10-2015,Quarter2,finishing,Tuesday,4,0.7,4.15,965,1800,0,0,0,0,15,0.796755556
02-10-2015,Quarter2,sweing,Tuesday,6,0.75,18.79,984,2400,0,0,0,0,34,0.750797009
02-10-2015,Quarter2,sweing,Tuesday,11,0.8,10.05,1024,3240,34,0,0,0,54,0.750648148
02-10-2015,Quarter2,sweing,Tuesday,5,0.75,30.1,943,7020,45,0,0,0,58,0.750356125
02-10-2015,Quarter2,finishing,Tuesday,8,0.35,4.15,1038,960,0,0,0,0,8,0.703770833
02-10-2015,Quarter2,sweing,Tuesday,4,0.7,30.1,907,7020,40,0,0,1,58,0.700618234
02-10-2015,Quarter2,finishing,Tuesday,9,0.8,3.94,911,960,0,0,0,0,8,0.6895
02-10-2015,Quarter2,finishing,Tuesday,6,0.75,2.9,1008,960,0,0,0,0,8,0.628333333
02-10-2015,Quarter2,sweing,Tuesday,7,0.5,30.1,944,6960,23,0,0,1,58,0.500801724
02-10-2015,Quarter2,sweing,Tuesday,8,0.5,30.1,907,6960,30,0,0,1,58,0.393548851
02-11-2015,Quarter2,finishing,Wednesday,4,0.7,4.15,1117,1800,0,0,0,0,15,1.033155556
02-11-2015,Quarter2,finishing,Wednesday,12,0.8,4.08,1034,1080,0,0,0,0,9,1.02
02-11-2015,Quarter2,sweing,Wednesday,2,0.8,22.52,1134,0,90,0,0,0,57.5,1.000344928
02-11-2015,Quarter2,sweing,Wednesday,1,0.8,22.52,919,0,113,0,0,0,57,1.000065789
02-11-2015,Quarter2,finishing,Wednesday,8,0.35,4.15,1162,1440,0,0,0,0,12,0.994375
02-11-2015,Quarter2,finishing,Wednesday,2,0.8,3.94,962,2160,0,0,0,0,18,0.912037037
02-11-2015,Quarter2,finishing,Wednesday,5,0.7,4.15,939,240,0,0,0,0,2,0.87
02-11-2015,Quarter2,sweing,Wednesday,10,0.8,22.52,982,0,75,0,0,0,56,0.850364583
02-11-2015,Quarter2,sweing,Wednesday,6,0.8,18.79,985,3480,38,0,0,0,34,0.800947475
02-11-2015,Quarter2,sweing,Wednesday,12,0.8,15.26,890,4080,50,0,0,0,34,0.800401961
02-11-2015,Quarter2,sweing,Wednesday,9,0.8,29.12,930,3240,50,0,0,0,58,0.800144144
02-11-2015,Quarter2,sweing,Wednesday,5,0.75,30.1,1024,7380,56,0,0,0,59.5,0.750406233
02-11-2015,Quarter2,sweing,Wednesday,8,0.6,30.1,1093,4560,30,0,0,1,58,0.714410494
02-11-2015,Quarter2,sweing,Wednesday,4,0.7,30.1,1146,5940,40,0,0,1,59.5,0.700588406
02-11-2015,Quarter2,finishing,Wednesday,1,0.8,3.94,900,1440,0,0,0,0,12,0.618361111
02-11-2015,Quarter2,sweing,Wednesday,7,0.6,30.1,975,3360,23,0,0,1,58,0.600070513
02-11-2015,Quarter2,finishing,Wednesday,9,0.8,3.94,1079,960,0,0,0,0,8,0.54175
02-11-2015,Quarter2,sweing,Wednesday,3,0.8,22.52,1060,6840,0,0,0,1,57,0.536901754
02-11-2015,Quarter2,sweing,Wednesday,11,0.35,11.41,1129,3240,0,0,0,1,52,0.507903226
02-12-2015,Quarter2,sweing,Thursday,1,0.8,22.52,944,0,138,0,0,0,57,1.100483918
02-12-2015,Quarter2,finishing,Thursday,4,0.7,4.15,976,1800,0,0,0,0,15,1.096633333
02-12-2015,Quarter2,sweing,Thursday,2,0.8,22.52,1085,0,113,0,0,0,57.5,1.000344928
02-12-2015,Quarter2,finishing,Thursday,12,0.8,4.08,1059,1080,0,0,0,0,9,0.838666667
02-12-2015,Quarter2,sweing,Thursday,12,0.8,15.26,944,4080,50,0,0,0,34,0.800401961
02-12-2015,Quarter2,finishing,Thursday,8,0.35,4.15,932,1440,0,0,0,0,12,0.755486111
02-12-2015,Quarter2,sweing,Thursday,5,0.75,30.1,913,7080,56,0,0,0,59,0.750799435
02-12-2015,Quarter2,sweing,Thursday,6,0.8,18.79,1112,3960,0,0,0,0,33,0.688017677
02-12-2015,Quarter2,finishing,Thursday,1,0.8,3.94,1003,1440,0,0,0,0,12,0.664875
02-12-2015,Quarter2,finishing,Thursday,9,0.8,3.94,1170,960,0,0,0,0,8,0.656666667
02-12-2015,Quarter2,sweing,Thursday,4,0.7,30.1,909,7080,0,0,0,1,59,0.637711864
02-12-2015,Quarter2,finishing,Thursday,2,0.8,3.94,992,2160,0,0,0,0,18,0.601944444
02-12-2015,Quarter2,finishing,Thursday,5,0.7,4.15,1095,240,0,0,0,0,2,0.58
02-12-2015,Quarter2,sweing,Thursday,7,0.65,30.1,1032,7080,0,0,0,1,59,0.535677966
02-12-2015,Quarter2,sweing,Thursday,11,0.5,11.41,904,2280,0,0,0,2,55,0.50012336
02-12-2015,Quarter2,sweing,Thursday,9,0.8,29.12,1143,6960,0,0,0,0,58,0.497885057
02-12-2015,Quarter2,sweing,Thursday,8,0.65,30.1,1022,7080,0,0,0,1,59,0.463403955
02-12-2015,Quarter2,sweing,Thursday,10,0.8,22.52,904,6000,0,0,0,0,50,0.441392
02-12-2015,Quarter2,sweing,Thursday,3,0.35,30.1,1036,6960,0,0,0,1,58,0.350301724
2/14/2015,Quarter2,sweing,Saturday,1,0.8,22.52,1046,6840,113,0,0,0,57,1.000230409
2/14/2015,Quarter2,finishing,Saturday,7,0.7,4.15,1033,1800,0,0,0,0,15,0.929277778
2/14/2015,Quarter2,finishing,Saturday,4,0.75,4.15,1141,2400,0,0,0,0,20,0.902916667
2/14/2015,Quarter2,finishing,Saturday,12,0.8,4.08,956,1080,0,0,0,0,9,0.800888889
2/14/2015,Quarter2,sweing,Saturday,12,0.8,15.26,911,4080,63,0,0,0,34,0.800401961
2/14/2015,Quarter2,sweing,Saturday,2,0.8,22.52,917,3660,63,0,0,0,57,0.80037492
2/14/2015,Quarter2,finishing,Saturday,1,0.8,3.94,1006,1440,0,0,0,0,12,0.796208333
2/14/2015,Quarter2,sweing,Saturday,4,0.75,30.1,934,7140,0,0,0,1,59,0.750392157
2/14/2015,Quarter2,sweing,Saturday,5,0.75,30.1,1047,7140,56,0,0,0,59,0.750392157
2/14/2015,Quarter2,finishing,Saturday,8,0.7,4.15,927,960,0,0,0,0,8,0.725625
2/14/2015,Quarter2,sweing,Saturday,8,0.7,30.1,908,5160,0,0,0,1,60,0.700206125
2/14/2015,Quarter2,sweing,Saturday,7,0.7,30.1,1038,7200,0,0,0,1,60,0.602
2/14/2015,Quarter2,sweing,Saturday,11,0.6,11.41,931,2280,23,0,0,2,55,0.600447507
2/14/2015,Quarter2,sweing,Saturday,6,0.8,18.79,1043,4080,0,0,0,0,34,0.557252451
2/14/2015,Quarter2,sweing,Saturday,3,0.5,30.1,963,6960,30,0,0,1,58,0.500801724
2/14/2015,Quarter2,finishing,Saturday,6,0.8,2.9,1022,960,0,0,0,0,8,0.483333333
2/14/2015,Quarter2,finishing,Saturday,9,0.8,3.94,1165,960,0,0,0,0,8,0.238041667
2/15/2015,Quarter3,finishing,Sunday,1,0.8,3.94,1091,960,0,0,0,0,8,1.1204375
2/15/2015,Quarter3,finishing,Sunday,2,0.8,3.94,1128,960,0,0,0,0,8,1.108125
2/15/2015,Quarter3,sweing,Sunday,1,0.8,22.52,950,6840,113,0,0,0,57,1.000230409
2/15/2015,Quarter3,finishing,Sunday,12,0.8,4.08,1007,1080,0,0,0,0,9,0.876444444
2/15/2015,Quarter3,sweing,Sunday,12,0.8,15.26,1021,1440,50,0,0,0,34,0.800806306
2/15/2015,Quarter3,finishing,Sunday,5,0.75,4.15,1100,240,0,0,0,0,2,0.760833333
2/15/2015,Quarter3,sweing,Sunday,5,0.8,30.1,1037,7140,0,0,0,0,59.5,0.722568627
2/15/2015,Quarter3,finishing,Sunday,11,0.6,2.9,972,1200,0,0,0,0,10,0.715333333
2/15/2015,Quarter3,sweing,Sunday,7,0.7,30.1,961,7080,0,0,0,1,59,0.700632768
2/15/2015,Quarter3,sweing,Sunday,8,0.7,30.1,1128,5880,40,2,10,1,59,0.700573099
2/15/2015,Quarter3,sweing,Sunday,6,0.75,18.79,1140,4080,0,0,0,0,34,0.681598039
2/15/2015,Quarter3,sweing,Sunday,11,0.65,11.41,1110,2640,23,0,0,2,53,0.650223718
2/15/2015,Quarter3,finishing,Sunday,8,0.7,4.15,1027,960,0,0,0,0,8,0.605208333
2/15/2015,Quarter3,finishing,Sunday,6,0.8,2.9,897,960,0,0,0,0,8,0.604166667
2/15/2015,Quarter3,sweing,Sunday,4,0.75,30.1,998,7140,0,0,0,1,59.5,0.598627451
2/15/2015,Quarter3,sweing,Sunday,3,0.6,30.1,1060,6960,30,0,0,1,58,0.475718391
2/15/2015,Quarter3,sweing,Sunday,2,0.8,22.52,1120,6900,0,0,0,0,57.5,0.432122899
2/15/2015,Quarter3,finishing,Sunday,4,0.75,4.15,969,2400,0,0,0,0,20,0.287041667
2/15/2015,Quarter3,sweing,Sunday,9,0.5,18.79,1045,5280,0,0,0,1,54,0.283054487
2/16/2015,Quarter3,sweing,Monday,1,0.8,22.52,943,6840,113,0,0,0,57,1.000230409
2/16/2015,Quarter3,finishing,Monday,9,0.8,3.94,1119,1200,0,0,0,0,10,0.960433333
2/16/2015,Quarter3,finishing,Monday,12,0.8,4.08,1024,1080,0,0,0,0,9,0.891555556
2/16/2015,Quarter3,finishing,Monday,3,0.5,4.15,1023,960,0,0,0,0,8,0.864583333
2/16/2015,Quarter3,sweing,Monday,3,0.65,30.1,1068,600,63,0,0,1,58,0.802243319
2/16/2015,Quarter3,sweing,Monday,5,0.8,30.1,1002,0,0,0,0,0,59,0.800980392
2/16/2015,Quarter3,sweing,Monday,12,0.8,15.26,1164,3720,38,0,0,0,34,0.800312375
2/16/2015,Quarter3,finishing,Monday,6,0.8,2.9,1099,960,0,0,0,0,8,0.773333333
2/16/2015,Quarter3,sweing,Monday,6,0.75,18.79,960,3960,0,0,0,0,33,0.75065101
2/16/2015,Quarter3,sweing,Monday,4,0.75,30.1,1165,7020,0,0,0,1,58,0.750356125
2/16/2015,Quarter3,finishing,Monday,4,0.75,4.15,1100,1800,0,0,0,0,15,0.722333333
2/16/2015,Quarter3,sweing,Monday,7,0.7,30.1,1173,600,30,0,0,1,59,0.700459889
2/16/2015,Quarter3,finishing,Monday,5,0.75,4.15,1026,1200,0,0,0,0,10,0.629416667
2/16/2015,Quarter3,sweing,Monday,8,0.7,30.1,957,7080,27,2,10,2,59,0.621971751
2/16/2015,Quarter3,sweing,Monday,11,0.7,11.41,1126,2160,30,0,0,2,54,0.565972222
2/16/2015,Quarter3,sweing,Monday,10,0.6,18.22,1121,5280,0,0,0,1,44,0.35542803
2/16/2015,Quarter3,sweing,Monday,9,0.6,18.79,974,5400,0,0,0,1,54,0.329964879
2/16/2015,Quarter3,finishing,Monday,7,0.7,4.15,1173,1800,0,0,0,0,15,0.258
2/17/2015,Quarter3,sweing,Tuesday,1,0.8,22.52,1138,6840,113,0,0,0,57,1.000230409
2/17/2015,Quarter3,finishing,Tuesday,10,0.8,3.94,1155,960,0,0,0,0,8,0.927541667
2/17/2015,Quarter3,finishing,Tuesday,7,0.7,5.13,1049,1200,0,0,0,0,10,0.91375
2/17/2015,Quarter3,finishing,Tuesday,12,0.8,5.13,937,1080,0,0,0,0,9,0.9025
2/17/2015,Quarter3,sweing,Tuesday,12,0.8,15.26,1033,4080,38,0,0,0,34,0.800401961
2/17/2015,Quarter3,finishing,Tuesday,3,0.5,5.13,1077,1800,0,0,0,0,15,0.7866
2/17/2015,Quarter3,sweing,Tuesday,6,0.75,18.79,989,3360,0,0,0,0,33,0.750621354
2/17/2015,Quarter3,sweing,Tuesday,4,0.75,30.1,1113,7020,45,0,0,1,58,0.750356125
2/17/2015,Quarter3,finishing,Tuesday,6,0.8,2.9,1112,960,0,0,0,0,8,0.749166667
2/17/2015,Quarter3,sweing,Tuesday,7,0.7,30.1,1043,840,30,0,0,1,59,0.700888203
2/17/2015,Quarter3,sweing,Tuesday,11,0.7,11.41,1088,3420,30,0,0,2,56,0.700614035
2/17/2015,Quarter3,sweing,Tuesday,3,0.7,30.1,1028,6960,50,0,0,1,58,0.700603448
2/17/2015,Quarter3,finishing,Tuesday,4,0.75,5.13,988,960,0,0,0,0,8,0.656666667
2/17/2015,Quarter3,sweing,Tuesday,5,0.8,30.1,1103,7140,0,0,0,0,59,0.653431373
2/17/2015,Quarter3,sweing,Tuesday,9,0.65,18.79,1025,5520,0,0,0,1,51,0.650134
2/17/2015,Quarter3,sweing,Tuesday,8,0.6,29.4,939,0,23,5,30,2,58,0.600982906
2/17/2015,Quarter3,finishing,Tuesday,9,0.8,3.94,1029,960,0,0,0,0,8,0.586041667
2/17/2015,Quarter3,finishing,Tuesday,2,0.8,5.13,1122,1800,0,0,0,0,15,0.5814
2/17/2015,Quarter3,sweing,Tuesday,2,0.5,30.33,975,6720,0,0,0,1,56,0.361071429
2/17/2015,Quarter3,sweing,Tuesday,10,0.65,18.22,1141,0,0,8,35,1,49,0.302117347
2/18/2015,Quarter3,finishing,Wednesday,12,0.8,5.13,1063,1200,0,0,0,0,10,0.9918
2/18/2015,Quarter3,finishing,Wednesday,6,0.8,2.9,1058,1440,0,0,0,0,12,0.936861111
2/18/2015,Quarter3,finishing,Wednesday,2,0.8,5.13,1118,1440,0,0,0,0,12,0.919125
2/18/2015,Quarter3,sweing,Wednesday,11,0.7,11.41,1078,3360,30,0,0,2,56,0.8211125
2/18/2015,Quarter3,sweing,Wednesday,4,0.8,30.1,918,480,50,0,0,1,58,0.800980392
2/18/2015,Quarter3,sweing,Wednesday,5,0.8,30.1,1118,0,0,0,0,0,59,0.800980392
2/18/2015,Quarter3,sweing,Wednesday,12,0.8,15.26,979,4080,63,0,0,0,34,0.800401961
2/18/2015,Quarter3,sweing,Wednesday,1,0.8,22.52,948,3960,63,0,0,0,57,0.800279693
2/18/2015,Quarter3,sweing,Wednesday,6,0.75,18.79,1153,3960,34,0,0,0,33,0.75065101
2/18/2015,Quarter3,sweing,Wednesday,7,0.75,30.1,1025,2280,45,0,0,1,59,0.75053268
2/18/2015,Quarter3,finishing,Wednesday,4,0.75,5.13,1130,960,0,0,0,0,8,0.734645833
2/18/2015,Quarter3,sweing,Wednesday,3,0.7,30.1,1037,0,40,0,0,1,58,0.700603448
2/18/2015,Quarter3,sweing,Wednesday,9,0.7,18.79,1104,4560,30,0,0,1,51,0.70009573
2/18/2015,Quarter3,finishing,Wednesday,7,0.7,5.13,1147,960,0,0,0,0,8,0.671875
2/18/2015,Quarter3,finishing,Wednesday,10,0.8,3.94,1045,960,0,0,0,0,8,0.64025
2/18/2015,Quarter3,finishing,Wednesday,8,0.7,5.13,895,960,0,0,0,0,8,0.58
2/18/2015,Quarter3,finishing,Wednesday,9,0.8,3.94,1025,960,0,0,0,0,8,0.549791667
2/18/2015,Quarter3,sweing,Wednesday,2,0.6,30.33,1006,6840,0,0,0,1,57,0.328131579
2/18/2015,Quarter3,sweing,Wednesday,10,0.7,19.68,1154,5640,0,8,35,1,47,0.303574468
2/18/2015,Quarter3,finishing,Wednesday,3,0.5,5.13,975,960,0,0,0,0,8,0.2565
2/18/2015,Quarter3,sweing,Wednesday,8,0.65,29.4,1142,4560,0,4.5,30,2,57,0.251399254
2/19/2015,Quarter3,finishing,Thursday,3,0.5,5.13,1005,2880,0,0,0,0,12,0.81640625
2/19/2015,Quarter3,sweing,Thursday,12,0.8,15.26,1175,1080,38,0,0,0,34,0.800711494
2/19/2015,Quarter3,sweing,Thursday,1,0.8,22.52,983,3840,63,0,0,0,57,0.800470513
2/19/2015,Quarter3,sweing,Thursday,4,0.8,30.1,1128,7020,63,0,0,1,58.5,0.800094017
2/19/2015,Quarter3,sweing,Thursday,5,0.8,30.1,987,600,63,3.5,15,0,59.5,0.799982853
2/19/2015,Quarter3,finishing,Thursday,6,0.8,2.9,921,4320,0,0,0,0,18,0.785864198
2/19/2015,Quarter3,sweing,Thursday,6,0.75,18.79,1164,3960,56,0,0,0,33,0.75065101
2/19/2015,Quarter3,finishing,Thursday,10,0.8,3.94,1007,2400,0,0,0,0,10,0.733277778
2/19/2015,Quarter3,finishing,Thursday,2,0.8,5.13,1074,3600,0,0,0,0,15,0.710125
2/19/2015,Quarter3,sweing,Thursday,3,0.7,30.1,1073,6960,50,0,0,1,58,0.700603448
2/19/2015,Quarter3,sweing,Thursday,11,0.7,11.41,981,3480,30,0,0,2,58,0.700540441
2/19/2015,Quarter3,sweing,Thursday,8,0.7,29.4,1155,6240,0,0,0,2,57,0.7
2/19/2015,Quarter3,finishing,Thursday,4,0.75,5.13,1175,1920,0,0,0,0,8,0.684027778
2/19/2015,Quarter3,finishing,Thursday,8,0.7,5.13,1053,1920,0,0,0,0,8,0.672135417
2/19/2015,Quarter3,sweing,Thursday,9,0.7,18.79,966,6120,30,0,0,1,51,0.638614379
2/19/2015,Quarter3,finishing,Thursday,5,0.75,5.13,953,1920,0,0,0,0,8,0.631354167
2/19/2015,Quarter3,sweing,Thursday,7,0.75,30.1,953,0,0,5,20,1,59,0.611140537
2/19/2015,Quarter3,finishing,Thursday,12,0.8,5.13,974,2160,0,0,0,0,9,0.609583333
2/19/2015,Quarter3,sweing,Thursday,2,0.65,30.33,1124,6840,0,0,0,1,57,0.585315789
2/19/2015,Quarter3,sweing,Thursday,10,0.7,19.68,1115,5760,0,0,0,1,48,0.249416667
2/22/2015,Quarter4,finishing,Sunday,3,0.5,5.13,1049,1800,0,0,0,0,15,0.8721
2/22/2015,Quarter4,finishing,Sunday,6,0.8,2.9,967,960,0,0,0,0,8,0.8319375
2/22/2015,Quarter4,finishing,Sunday,2,0.8,5.13,1142,4800,0,0,0,0,20,0.8300625
2/22/2015,Quarter4,finishing,Sunday,11,0.6,2.9,1063,2880,0,0,0,0,12,0.805555556
2/22/2015,Quarter4,sweing,Sunday,12,0.8,15.26,1155,4080,63,0,0,0,34,0.800401961
2/22/2015,Quarter4,sweing,Sunday,4,0.8,30.1,899,5820,63,0,0,1,59,0.80000295
2/22/2015,Quarter4,finishing,Sunday,12,0.8,5.13,979,2400,0,0,0,0,10,0.78375
2/22/2015,Quarter4,finishing,Sunday,9,0.8,3.94,930,2400,0,0,0,0,10,0.753525
2/22/2015,Quarter4,sweing,Sunday,6,0.75,18.79,955,3960,45,0,0,0,33,0.75065101
2/22/2015,Quarter4,finishing,Sunday,1,0.8,3.94,931,2880,0,0,0,0,12,0.727349537
2/22/2015,Quarter4,sweing,Sunday,8,0.7,29.4,1063,6840,40,0,0,2,57,0.700614035
2/22/2015,Quarter4,sweing,Sunday,2,0.7,30.33,1033,6840,0,0,0,1,57,0.700605263
2/22/2015,Quarter4,sweing,Sunday,11,0.75,11.41,1159,3480,0,0,0,2,58,0.672140805
2/22/2015,Quarter4,sweing,Sunday,9,0.7,18.79,1144,3240,30,0,0,1,57,0.627011183
2/22/2015,Quarter4,sweing,Sunday,3,0.7,30.1,998,8160,33,0,0,2,58,0.626577778
2/22/2015,Quarter4,sweing,Sunday,10,0.7,21.25,996,6000,0,0,0,1,50,0.456875
2/22/2015,Quarter4,sweing,Sunday,7,0.75,30.1,1034,6960,0,3.5,20,1,58,0.393548851
2/22/2015,Quarter4,finishing,Sunday,10,0.8,3.94,1123,960,0,0,0,0,8,0.385791667
2/22/2015,Quarter4,sweing,Sunday,5,0.8,30.1,932,5700,0,4.5,25,0,60,0.307501459
2/22/2015,Quarter4,finishing,Sunday,7,0.7,5.13,972,960,0,0,0,0,8,0.283958333
2/23/2015,Quarter4,finishing,Monday,10,0.8,3.94,945,2400,0,0,0,0,20,0.955791667
2/23/2015,Quarter4,finishing,Monday,8,0.7,5.13,957,960,0,0,0,0,8,0.930416667
2/23/2015,Quarter4,finishing,Monday,12,0.8,5.13,928,1080,0,0,0,0,9,0.9025
2/23/2015,Quarter4,finishing,Monday,3,0.8,5.13,894,2160,0,0,0,0,18,0.87115
2/23/2015,Quarter4,sweing,Monday,12,0.8,15.26,1046,4080,63,0,0,0,34,0.800401961
2/23/2015,Quarter4,sweing,Monday,4,0.8,30.1,981,7140,38,0,0,1,59,0.800137255
2/23/2015,Quarter4,sweing,Monday,5,0.8,30.1,1051,7140,38,0,0,0,59,0.800137255
2/23/2015,Quarter4,sweing,Monday,7,0.75,30.1,998,6960,45,0,0,1,58,0.750770115
2/23/2015,Quarter4,sweing,Monday,6,0.75,18.79,1049,3960,45,0,0,0,33,0.75065101
2/23/2015,Quarter4,sweing,Monday,11,0.75,11.41,981,2820,0,0,0,2,58,0.750293939
2/23/2015,Quarter4,sweing,Monday,2,0.7,30.33,1057,2160,30,0,0,1,58,0.700623
2/23/2015,Quarter4,sweing,Monday,8,0.7,29.4,998,6840,40,0,0,2,57,0.700614035
2/23/2015,Quarter4,sweing,Monday,3,0.7,29.4,1094,6960,30,0,0,2,58,0.700362069
2/23/2015,Quarter4,sweing,Monday,9,0.7,18.79,1069,6000,40,0,0,1,50,0.60128
2/23/2015,Quarter4,sweing,Monday,10,0.7,21.25,972,6000,0,0,0,1,50,0.417916667
2/23/2015,Quarter4,finishing,Monday,6,0.8,2.9,905,960,0,0,0,0,8,0.3715625
2/23/2015,Quarter4,finishing,Monday,9,0.8,2.9,1142,960,0,0,0,0,8,0.3715625
2/23/2015,Quarter4,finishing,Monday,2,0.8,5.13,954,960,0,0,0,0,8,0.36871875
2/23/2015,Quarter4,finishing,Monday,7,0.7,5.13,1173,960,0,0,0,0,8,0.356458333
2/24/2015,Quarter4,finishing,Tuesday,10,0.7,2.9,1130,1800,0,0,0,0,15,0.902222222
2/24/2015,Quarter4,finishing,Tuesday,3,0.8,4.6,963,1440,0,0,0,0,12,0.811388889
2/24/2015,Quarter4,sweing,Tuesday,12,0.8,15.26,989,4080,50,0,0,0,34,0.800401961
2/24/2015,Quarter4,sweing,Tuesday,5,0.8,30.1,925,7140,50,0,0,0,60,0.800137255
2/24/2015,Quarter4,sweing,Tuesday,4,0.8,30.1,1006,6480,50,0,0,1,59,0.800071839
2/24/2015,Quarter4,finishing,Tuesday,8,0.7,4.6,1016,960,0,0,0,0,8,0.791458333
2/24/2015,Quarter4,sweing,Tuesday,7,0.75,30.1,1099,5640,45,0,0,1,59,0.750727326
2/24/2015,Quarter4,sweing,Tuesday,6,0.75,18.79,1029,3360,45,0,0,0,33,0.75065101
2/24/2015,Quarter4,sweing,Tuesday,11,0.75,11.61,917,3360,34,0,0,2,57,0.750437269
2/24/2015,Quarter4,sweing,Tuesday,3,0.75,29.4,924,5340,45,0,0,2,60,0.750176991
2/24/2015,Quarter4,finishing,Tuesday,6,0.75,2.9,951,1800,0,0,0,0,15,0.726933333
2/24/2015,Quarter4,finishing,Tuesday,9,0.7,2.9,1056,1800,0,0,0,0,15,0.726933333
2/24/2015,Quarter4,sweing,Tuesday,2,0.7,30.33,1167,1680,30,0,0,1,59,0.700623
2/24/2015,Quarter4,sweing,Tuesday,8,0.7,29.4,1015,4560,40,0,0,2,58,0.700518519
2/24/2015,Quarter4,sweing,Tuesday,9,0.7,18.79,1089,3000,30,0,0,1,52,0.700256795
2/24/2015,Quarter4,finishing,Tuesday,11,0.7,2.9,994,960,0,0,0,0,8,0.5046875
2/24/2015,Quarter4,sweing,Tuesday,10,0.7,21.25,1012,6360,0,0,0,1,53,0.471108491
2/24/2015,Quarter4,finishing,Tuesday,2,0.7,3.9,918,960,0,0,0,0,8,0.325
2/24/2015,Quarter4,sweing,Tuesday,1,0.6,22.53,1046,5040,0,0,0,1,42,0.268214286
2/25/2015,Quarter4,sweing,Wednesday,9,0.75,18.79,1130,6240,56,0,0,1,52,0.970816667
2/25/2015,Quarter4,finishing,Wednesday,5,0.8,4.6,1131,1080,0,0,0,0,9,0.902962963
2/25/2015,Quarter4,finishing,Wednesday,3,0.8,4.6,1111,2400,0,0,0,0,20,0.900833333
2/25/2015,Quarter4,finishing,Wednesday,12,0.8,4.6,1114,1800,0,0,0,0,15,0.899555556
2/25/2015,Quarter4,finishing,Wednesday,10,0.7,2.9,1168,1200,0,0,0,0,10,0.845833333
2/25/2015,Quarter4,sweing,Wednesday,4,0.8,30.1,1128,4080,50,0,0,1,59,0.800808642
2/25/2015,Quarter4,sweing,Wednesday,12,0.8,15.26,1073,4080,50,0,0,0,34,0.800401961
2/25/2015,Quarter4,sweing,Wednesday,7,0.8,30.1,994,7080,50,0,0,2,59,0.800115819
2/25/2015,Quarter4,sweing,Wednesday,6,0.75,18.79,944,3960,45,0,0,1,33,0.75065101
2/25/2015,Quarter4,sweing,Wednesday,11,0.75,11.61,911,3360,45,0,0,0,57,0.750503571
2/25/2015,Quarter4,sweing,Wednesday,3,0.75,29.4,1134,6960,45,0,0,2,58,0.750206897
2/25/2015,Quarter4,sweing,Wednesday,8,0.7,29.4,964,6960,30,0,0,1,58,0.700362069
2/25/2015,Quarter4,sweing,Wednesday,2,0.7,30.33,1017,3960,30,0,0,1,58,0.700069811
2/25/2015,Quarter4,sweing,Wednesday,10,0.7,21.82,1102,6240,0,0,0,2,52,0.700058333
2/25/2015,Quarter4,finishing,Wednesday,7,0.75,4.6,930,960,0,0,0,0,8,0.676666667
2/25/2015,Quarter4,finishing,Wednesday,8,0.7,4.6,1135,960,0,0,0,0,8,0.658541667
2/25/2015,Quarter4,sweing,Wednesday,5,0.8,30.1,956,1200,49,0,0,1,59,0.598792339
2/25/2015,Quarter4,sweing,Wednesday,1,0.65,22.53,1098,5040,0,0,0,1,42,0.581130952
2/25/2015,Quarter4,finishing,Wednesday,2,0.7,3.9,1088,960,0,0,0,0,8,0.440375
2/25/2015,Quarter4,finishing,Wednesday,6,0.75,2.9,1176,960,0,0,0,0,8,0.410833333
2/25/2015,Quarter4,finishing,Wednesday,9,0.7,2.9,1073,960,0,0,0,0,8,0.410833333
2/26/2015,Quarter4,finishing,Thursday,3,0.8,4.6,1090,6300,0,0,0,0,15,0.921703704
2/26/2015,Quarter4,finishing,Thursday,5,0.8,4.6,956,7560,0,0,0,0,18,0.921604938
2/26/2015,Quarter4,sweing,Thursday,7,0.8,30.1,975,4080,50,0,0,1,59,0.800808642
2/26/2015,Quarter4,sweing,Thursday,11,0.8,11.61,910,2820,50,0,0,2,57,0.800516667
2/26/2015,Quarter4,sweing,Thursday,12,0.8,15.26,1037,4080,63,0,0,0,34,0.800401961
2/26/2015,Quarter4,finishing,Thursday,1,0.5,3.94,1103,3360,0,0,0,0,8,0.768847222
2/26/2015,Quarter4,sweing,Thursday,6,0.75,18.79,1071,3960,45,0,0,0,33,0.75065101
2/26/2015,Quarter4,sweing,Thursday,3,0.75,29.4,1084,6840,45,0,0,2,57,0.750473684
2/26/2015,Quarter4,sweing,Thursday,9,0.75,18.79,1046,5640,45,0,0,1,52,0.750371895
2/26/2015,Quarter4,sweing,Thursday,8,0.75,29.4,934,6960,56,0,0,2,58,0.750206897
2/26/2015,Quarter4,sweing,Thursday,10,0.7,21.82,1129,3240,0,0,0,1,52,0.700251773
2/26/2015,Quarter4,sweing,Thursday,2,0.7,30.33,1096,6960,0,0,0,1,58,0.66237931
2/26/2015,Quarter4,finishing,Thursday,12,0.8,4.6,1150,3780,0,0,0,0,9,0.590617284
2/26/2015,Quarter4,finishing,Thursday,2,0.7,3.9,1088,960,0,0,0,0,8,0.5565625
2/26/2015,Quarter4,sweing,Thursday,4,0.8,30.1,932,7080,32,0,0,2,59,0.495617514
2/26/2015,Quarter4,sweing,Thursday,5,0.35,27.48,1100,6840,38,0,0,1,57,0.449964912
2/26/2015,Quarter4,finishing,Thursday,10,0.7,2.9,937,3360,0,0,0,0,8,0.410833333
2/26/2015,Quarter4,finishing,Thursday,9,0.75,2.9,1110,960,0,0,0,0,8,0.4078125
2/26/2015,Quarter4,sweing,Thursday,1,0.35,26.66,964,6600,23,0,0,2,55,0.378895152
2/26/2015,Quarter4,finishing,Thursday,8,0.75,4.6,992,3360,0,0,0,0,8,0.376597222
2/26/2015,Quarter4,finishing,Thursday,6,0.75,2.9,1157,3360,0,0,0,0,8,0.271875
2/28/2015,Quarter4,finishing,Saturday,3,0.8,4.6,910,6300,0,0,0,0,15,0.921703704
2/28/2015,Quarter4,finishing,Saturday,5,0.8,4.6,937,7560,0,0,0,0,18,0.921604938
2/28/2015,Quarter4,sweing,Saturday,11,0.8,11.61,942,0,50,0,0,2,58,0.800779018
2/28/2015,Quarter4,sweing,Saturday,12,0.8,15.26,894,1700,62,0,0,0,34,0.800260821
2/28/2015,Quarter4,sweing,Saturday,7,0.8,30.1,1134,840,38,0,0,1,59,0.799982853
2/28/2015,Quarter4,finishing,Saturday,1,0.5,3.94,954,3360,0,0,0,0,8,0.768847222
2/28/2015,Quarter4,sweing,Saturday,3,0.75,29.4,1039,4440,45,0,0,2,57,0.750716981
2/28/2015,Quarter4,sweing,Saturday,6,0.75,18.79,993,3960,45,0,0,0,33,0.75065101
2/28/2015,Quarter4,sweing,Saturday,8,0.75,29.4,1144,4560,56,0,0,2,58,0.750425926
2/28/2015,Quarter4,sweing,Saturday,9,0.75,18.79,1163,6240,45,0,0,1,52,0.750395513
2/28/2015,Quarter4,sweing,Saturday,10,0.7,21.82,1015,6120,40,0,0,1,51,0.700236601
2/28/2015,Quarter4,sweing,Saturday,2,0.7,30.33,1107,4560,0,0,0,1,58,0.700211111
2/28/2015,Quarter4,finishing,Saturday,12,0.8,4.6,905,3780,0,0,0,0,9,0.590617284
2/28/2015,Quarter4,finishing,Saturday,2,0.7,3.9,1037,960,0,0,0,0,8,0.5565625
2/28/2015,Quarter4,sweing,Saturday,5,0.5,27.48,1096,6840,30,0,0,1,57,0.550403509
2/28/2015,Quarter4,sweing,Saturday,1,0.5,26.66,1089,6840,30,0,0,2,57,0.550349708
2/28/2015,Quarter4,sweing,Saturday,4,0.5,26.66,951,6960,23,0,0,2,58,0.500258046
2/28/2015,Quarter4,finishing,Saturday,10,0.7,2.9,1131,3360,0,0,0,0,8,0.410833333
2/28/2015,Quarter4,finishing,Saturday,9,0.75,2.9,909,960,0,0,0,0,8,0.4078125
2/28/2015,Quarter4,finishing,Saturday,8,0.75,4.6,921,3360,0,0,0,0,8,0.376597222
2/28/2015,Quarter4,finishing,Saturday,6,0.75,2.9,932,3360,0,0,0,0,8,0.271875
03-01-2015,Quarter1,finishing,Sunday,3,0.8,4.6,913,10500,0,0,0,0,25,0.936355556
03-01-2015,Quarter1,finishing,Sunday,8,0.75,4.6,1149,3360,0,0,0,0,8,0.813611111
03-01-2015,Quarter1,sweing,Sunday,12,0.8,15.26,1148,4080,63,0,0,0,34,0.800401961
03-01-2015,Quarter1,sweing,Sunday,8,0.75,29.4,1009,6240,56,0,0,0,57,0.75075
03-01-2015,Quarter1,sweing,Sunday,6,0.75,18.79,1015,3960,45,0,0,0,33,0.75065101
03-01-2015,Quarter1,sweing,Sunday,3,0.75,29.4,894,6840,45,0,0,0,57,0.750473684
03-01-2015,Quarter1,sweing,Sunday,9,0.75,18.79,959,6240,34,0,0,0,52,0.750395513
03-01-2015,Quarter1,sweing,Sunday,5,0.6,27.48,1053,6720,38,0,0,0,56,0.707446429
03-01-2015,Quarter1,sweing,Sunday,10,0.7,21.82,980,5640,30,0,0,0,52,0.700236601
03-01-2015,Quarter1,sweing,Sunday,1,0.6,26.66,972,6840,38,0,0,0,57,0.700019883
03-01-2015,Quarter1,sweing,Sunday,2,0.7,30.33,907,1800,0,0,0,0,58,0.683550607
03-01-2015,Quarter1,sweing,Sunday,11,0.8,11.61,1101,0,50,4,20,0,57,0.682433036
03-01-2015,Quarter1,finishing,Sunday,4,0.6,3.94,967,960,0,0,0,0,8,0.673083333
03-01-2015,Quarter1,finishing,Sunday,10,0.7,2.9,893,3360,0,0,0,0,8,0.664583333
03-01-2015,Quarter1,sweing,Sunday,4,0.6,26.66,1136,6840,23,0,0,0,57,0.600239766
03-01-2015,Quarter1,finishing,Sunday,2,0.7,3.9,1070,960,0,0,0,0,8,0.585
03-01-2015,Quarter1,sweing,Sunday,7,0.8,30.1,1019,6960,0,3.5,15,0,58,0.579511494
03-01-2015,Quarter1,finishing,Sunday,1,0.6,3.94,1066,3360,0,0,0,0,8,0.448722222
03-01-2015,Quarter1,finishing,Sunday,9,0.75,2.9,902,960,0,0,0,0,8,0.447083333
03-01-2015,Quarter1,finishing,Sunday,7,0.8,4.6,1004,3360,0,0,0,0,8,0.350416667
03-02-2015,Quarter1,finishing,Monday,2,0.7,3.9,1083,1200,0,0,0,0,10,0.92885
03-02-2015,Quarter1,finishing,Monday,3,0.8,4.6,1031,10080,0,0,0,0,24,0.86037037
03-02-2015,Quarter1,finishing,Monday,4,0.65,3.94,1034,960,0,0,0,0,8,0.806879167
03-02-2015,Quarter1,sweing,Monday,1,0.65,26.66,1160,6840,65,0,0,0,57,0.800579532
03-02-2015,Quarter1,sweing,Monday,12,0.8,15.26,987,4080,63,0,0,0,34,0.800401961
03-02-2015,Quarter1,finishing,Monday,9,0.75,2.9,1152,1200,0,0,0,0,10,0.8004
03-02-2015,Quarter1,sweing,Monday,11,0.8,11.61,899,0,50,0,0,0,57,0.800309211
03-02-2015,Quarter1,sweing,Monday,3,0.8,29.4,1077,4680,50,0,0,0,57,0.800149813
03-02-2015,Quarter1,sweing,Monday,7,0.8,30.1,1047,7080,0,0,0,0,59,0.800115819
03-02-2015,Quarter1,finishing,Monday,8,0.75,4.6,1139,3360,0,0,0,0,8,0.773333333
03-02-2015,Quarter1,sweing,Monday,6,0.75,18.79,974,2880,34,0,0,0,33,0.750797009
03-02-2015,Quarter1,sweing,Monday,8,0.75,29.4,1092,6840,45,0,0,0,57,0.750473684
03-02-2015,Quarter1,sweing,Monday,9,0.75,18.79,1154,6240,45,0,0,0,52,0.750395513
03-02-2015,Quarter1,sweing,Monday,4,0.65,26.66,1044,6780,55,0,0,0,57,0.750254867
03-02-2015,Quarter1,sweing,Monday,5,0.65,27.48,1055,6720,34,0,0,0,56,0.700903571
03-02-2015,Quarter1,sweing,Monday,10,0.7,21.82,904,3600,30,0,0,0,51,0.70013604
03-02-2015,Quarter1,finishing,Monday,10,0.7,2.9,1038,3360,0,0,0,0,8,0.632361111
03-02-2015,Quarter1,finishing,Monday,12,0.8,4.6,1130,3780,0,0,0,0,9,0.607654321
03-02-2015,Quarter1,finishing,Monday,1,0.65,3.94,1014,3360,0,0,0,0,8,0.537919444
03-02-2015,Quarter1,finishing,Monday,7,0.8,4.6,1009,3360,0,0,0,0,8,0.342361111
03-03-2015,Quarter1,finishing,Tuesday,7,0.8,4.6,978,4200,0,0,0,0,10,0.999533333
03-03-2015,Quarter1,finishing,Tuesday,3,0.8,4.6,1156,6300,0,0,0,0,15,0.902962963
03-03-2015,Quarter1,sweing,Tuesday,11,0.8,11.41,1119,0,50,0,0,0,56,0.800701754
03-03-2015,Quarter1,sweing,Tuesday,1,0.7,26.66,945,6960,60,0,0,0,58,0.800566092
03-03-2015,Quarter1,sweing,Tuesday,12,0.8,15.26,1126,4080,50,0,0,0,34,0.800401961
03-03-2015,Quarter1,sweing,Tuesday,3,0.8,29.4,991,6840,50,0,0,0,57,0.800333333
03-03-2015,Quarter1,sweing,Tuesday,7,0.8,30.1,1123,7080,50,0,0,0,59,0.800115819
03-03-2015,Quarter1,sweing,Tuesday,4,0.7,26.66,1105,6960,50,0,0,0,58,0.750770115
03-03-2015,Quarter1,sweing,Tuesday,8,0.75,29.4,1081,6840,56,0,0,0,57,0.750473684
03-03-2015,Quarter1,sweing,Tuesday,9,0.75,18.79,1135,6240,34,0,0,0,52,0.750395513
03-03-2015,Quarter1,sweing,Tuesday,6,0.75,20.2,930,3120,45,0,0,0,33,0.750212553
03-03-2015,Quarter1,finishing,Tuesday,8,0.75,4.6,1060,3360,0,0,0,0,8,0.702777778
03-03-2015,Quarter1,sweing,Tuesday,5,0.7,27.48,1037,6840,30,0,0,0,57,0.700659649
03-03-2015,Quarter1,sweing,Tuesday,10,0.7,21.82,957,5040,30,0,0,0,51,0.699984417
03-03-2015,Quarter1,finishing,Tuesday,12,0.8,4.6,999,3780,0,0,0,0,9,0.636049383
03-03-2015,Quarter1,finishing,Tuesday,2,0.4,3.9,924,6300,0,0,0,0,15,0.567377778
03-03-2015,Quarter1,finishing,Tuesday,1,0.7,3.94,919,3360,0,0,0,0,8,0.555430556
03-03-2015,Quarter1,finishing,Tuesday,4,0.7,3.94,1144,3360,0,0,0,0,8,0.555430556
03-03-2015,Quarter1,finishing,Tuesday,10,0.7,2.9,1155,3360,0,0,0,0,8,0.463194444
03-03-2015,Quarter1,finishing,Tuesday,5,0.7,4.6,1009,3360,0,0,0,0,8,0.354444444
03-03-2015,Quarter1,finishing,Tuesday,6,0.75,2.9,987,3360,0,0,0,0,8,0.309333333
03-03-2015,Quarter1,sweing,Tuesday,2,0.4,15.28,992,5400,0,6.5,30,1,45,0.30277037
03-04-2015,Quarter1,finishing,Wednesday,3,0.8,4.6,998,1200,0,0,0,0,10,0.939166667
03-04-2015,Quarter1,finishing,Wednesday,8,0.8,4.6,1049,960,0,0,0,0,8,0.930416667
03-04-2015,Quarter1,finishing,Wednesday,12,0.8,4.6,1014,1080,0,0,0,0,9,0.885925926
03-04-2015,Quarter1,finishing,Wednesday,9,0.75,2.9,1019,960,0,0,0,0,8,0.83375
03-04-2015,Quarter1,finishing,Wednesday,1,0.7,3.94,1140,960,0,0,0,0,8,0.806879167
03-04-2015,Quarter1,finishing,Wednesday,4,0.7,3.94,1151,960,0,0,0,0,8,0.806058333
03-04-2015,Quarter1,sweing,Wednesday,11,0.8,11.41,947,0,38,0,0,0,56,0.800701754
03-04-2015,Quarter1,sweing,Wednesday,12,0.8,15.26,935,4080,50,0,0,0,34,0.800401961
03-04-2015,Quarter1,sweing,Wednesday,3,0.8,29.4,896,6840,63,0,0,0,57,0.800333333
03-04-2015,Quarter1,sweing,Wednesday,7,0.8,30.1,1016,3960,50,0,0,0,59,0.800055762
03-04-2015,Quarter1,sweing,Wednesday,4,0.7,26.82,1014,6960,60,0,0,0,58,0.799975862
03-04-2015,Quarter1,sweing,Wednesday,1,0.7,26.82,1096,6960,50,0,0,0,58,0.750651724
03-04-2015,Quarter1,sweing,Wednesday,9,0.75,18.79,910,6240,34,0,0,0,52,0.750395513
03-04-2015,Quarter1,sweing,Wednesday,5,0.7,27.48,988,6960,40,0,0,0,58,0.700424138
03-04-2015,Quarter1,sweing,Wednesday,10,0.7,21.82,966,5760,30,0,0,0,53,0.700058333
03-04-2015,Quarter1,finishing,Wednesday,7,0.8,4.6,901,8400,0,0,0,0,20,0.684888889
03-04-2015,Quarter1,finishing,Wednesday,5,0.7,4.6,1148,960,0,0,0,0,8,0.592083333
03-04-2015,Quarter1,finishing,Wednesday,2,0.5,3.9,1078,960,0,0,0,0,8,0.5403125
03-04-2015,Quarter1,sweing,Wednesday,8,0.8,29.4,1122,6840,0,0,0,0,57,0.433263158
03-04-2015,Quarter1,sweing,Wednesday,2,0.5,15.28,995,5520,0,0,0,1,46,0.404144928
03-04-2015,Quarter1,sweing,Wednesday,6,0.75,18.79,963,3960,0,0,0,0,33,0.332146465
03-05-2015,Quarter1,finishing,Thursday,8,0.8,4.6,1175,2640,0,0,0,0,22,0.980984848
03-05-2015,Quarter1,finishing,Thursday,2,0.6,3.9,968,960,0,0,0,0,8,0.950625
03-05-2015,Quarter1,finishing,Thursday,11,0.8,2.9,1001,1200,0,0,0,0,10,0.927291667
03-05-2015,Quarter1,finishing,Thursday,12,0.8,4.6,1068,1080,0,0,0,0,9,0.868888889
03-05-2015,Quarter1,finishing,Thursday,1,0.7,3.94,1082,960,0,0,0,0,8,0.812625
03-05-2015,Quarter1,finishing,Thursday,4,0.7,3.94,966,960,0,0,0,0,8,0.812625
03-05-2015,Quarter1,finishing,Thursday,3,0.8,4.6,1092,1800,0,0,0,0,15,0.810111111
03-05-2015,Quarter1,sweing,Thursday,11,0.8,11.41,1068,3420,50,0,0,0,56,0.800701754
03-05-2015,Quarter1,sweing,Thursday,3,0.8,29.4,975,1800,63,0,0,0,57,0.800534979
03-05-2015,Quarter1,sweing,Thursday,12,0.8,15.26,1158,4080,50,0,0,0,34,0.800401961
03-05-2015,Quarter1,sweing,Thursday,1,0.7,26.82,974,6960,50,0,0,0,58,0.750651724
03-05-2015,Quarter1,sweing,Thursday,9,0.75,18.79,1115,6240,45,0,0,0,52,0.750395513
03-05-2015,Quarter1,sweing,Thursday,4,0.7,26.82,1048,7080,50,0,0,0,59,0.750050847
03-05-2015,Quarter1,sweing,Thursday,5,0.7,27.48,1131,6960,40,0,0,0,58,0.700424138
03-05-2015,Quarter1,sweing,Thursday,10,0.7,21.82,906,6000,30,0,0,0,50,0.700422
03-05-2015,Quarter1,sweing,Thursday,2,0.6,15.28,1169,1320,0,0,0,1,46,0.600099145
03-05-2015,Quarter1,finishing,Thursday,9,0.75,2.9,949,960,0,0,0,0,8,0.453125
03-05-2015,Quarter1,sweing,Thursday,7,0.8,30.1,913,1200,0,4,40,0,59,0.366053523
03-05-2015,Quarter1,sweing,Thursday,6,0.35,22.53,976,2640,0,0,0,1,39,0.26369382
03-07-2015,Quarter1,finishing,Saturday,12,0.8,4.6,989,1080,0,0,0,0,9,0.868888889
03-07-2015,Quarter1,sweing,Saturday,12,0.8,15.26,1006,4080,75,0,0,0,34,0.850520588
03-07-2015,Quarter1,sweing,Saturday,1,0.7,26.82,970,8160,70,0,0,0,58,0.850045
03-07-2015,Quarter1,finishing,Saturday,7,0.8,4.6,1174,6000,0,0,0,0,25,0.825444444
03-07-2015,Quarter1,finishing,Saturday,5,0.35,3.94,977,2400,0,0,0,0,10,0.80575
03-07-2015,Quarter1,sweing,Saturday,4,0.7,26.82,1013,6960,60,0,0,0,58,0.800746552
03-07-2015,Quarter1,sweing,Saturday,3,0.8,29.4,1006,6840,63,0,0,1,57,0.800578947
03-07-2015,Quarter1,sweing,Saturday,11,0.8,11.41,1113,3420,50,0,0,0,58,0.800034503
03-07-2015,Quarter1,finishing,Saturday,6,0.5,2.9,1149,960,0,0,0,0,8,0.7975
03-07-2015,Quarter1,sweing,Saturday,9,0.75,18.79,901,3480,45,0,0,0,51,0.749987124
03-07-2015,Quarter1,sweing,Saturday,10,0.7,21.82,1062,6000,30,0,0,0,50,0.700422
03-07-2015,Quarter1,finishing,Saturday,1,0.7,3.94,1058,960,0,0,0,0,8,0.664875
03-07-2015,Quarter1,finishing,Saturday,4,0.7,3.94,988,960,0,0,0,0,8,0.664875
03-07-2015,Quarter1,finishing,Saturday,11,0.8,2.9,942,960,0,0,0,0,8,0.657083333
03-07-2015,Quarter1,sweing,Saturday,2,0.65,16.1,1004,4200,0,0,0,1,45,0.65024031
03-07-2015,Quarter1,finishing,Saturday,8,0.8,4.6,946,3600,0,0,0,0,15,0.590740741
03-07-2015,Quarter1,finishing,Saturday,2,0.65,3.9,960,1920,0,0,0,0,8,0.528125
03-07-2015,Quarter1,sweing,Saturday,6,0.5,23.41,1015,2280,0,0,0,1,39,0.500528095
03-07-2015,Quarter1,sweing,Saturday,5,0.7,27.48,1063,6960,24,0,0,1,58,0.408960345
03-08-2015,Quarter2,finishing,Sunday,3,0.8,4.6,1142,1440,0,0,0,0,12,0.951944444
03-08-2015,Quarter2,finishing,Sunday,12,0.8,4.6,1118,1080,0,0,0,0,9,0.945555556
03-08-2015,Quarter2,finishing,Sunday,9,0.75,2.9,1140,1080,0,0,0,0,9,0.929074074
03-08-2015,Quarter2,finishing,Sunday,1,0.75,3.94,1091,960,0,0,0,0,8,0.890604167
03-08-2015,Quarter2,finishing,Sunday,4,0.75,3.94,980,960,0,0,0,0,8,0.890604167
03-08-2015,Quarter2,finishing,Sunday,2,0.7,3.9,1033,1200,0,0,0,0,10,0.884
03-08-2015,Quarter2,finishing,Sunday,5,0.5,3.94,1109,960,0,0,0,0,8,0.857916667
03-08-2015,Quarter2,sweing,Sunday,4,0.75,26.82,1122,6840,65,0,0,0,57,0.850084211
03-08-2015,Quarter2,sweing,Sunday,1,0.75,26.82,1123,6960,65,0,0,0,58,0.85007069
03-08-2015,Quarter2,sweing,Sunday,3,0.8,30.1,1049,3360,50,0,0,1,57,0.800511068
03-08-2015,Quarter2,sweing,Sunday,12,0.8,15.26,1081,4080,63,0,0,0,34,0.800401961
03-08-2015,Quarter2,sweing,Sunday,11,0.8,11.41,1001,3420,50,0,0,0,58,0.800034503
03-08-2015,Quarter2,finishing,Sunday,11,0.8,2.9,1163,960,0,0,0,0,8,0.755208333
03-08-2015,Quarter2,sweing,Sunday,9,0.75,18.79,1033,5640,45,0,0,0,52,0.750371895
03-08-2015,Quarter2,sweing,Sunday,10,0.7,21.82,975,6000,30,0,0,0,50,0.700422
03-08-2015,Quarter2,sweing,Sunday,2,0.7,16.1,1044,4800,30,0,0,1,45,0.700106061
03-08-2015,Quarter2,sweing,Sunday,6,0.6,23.41,949,2520,23,0,0,1,38,0.601037091
03-08-2015,Quarter2,sweing,Sunday,8,0.6,30.48,1010,6720,0,0,0,1,56,0.600528571
03-08-2015,Quarter2,sweing,Sunday,5,0.5,26.82,979,7080,23,0,0,1,59,0.500033898
03-08-2015,Quarter2,finishing,Sunday,8,0.6,3.9,962,960,0,0,0,0,8,0.4509375
03-08-2015,Quarter2,finishing,Sunday,10,0.7,2.9,1067,960,0,0,0,0,8,0.441041667
03-08-2015,Quarter2,finishing,Sunday,6,0.6,2.9,983,960,0,0,0,0,8,0.271875
03-09-2015,Quarter2,finishing,Monday,11,0.8,2.9,952,0,960,0,0,0,8,0.960625
03-09-2015,Quarter2,finishing,Monday,12,0.8,4.6,1089,0,1080,0,0,0,9,0.902962963
03-09-2015,Quarter2,finishing,Monday,5,0.6,3.94,980,0,2880,0,0,0,12,0.864342593
03-09-2015,Quarter2,sweing,Monday,4,0.75,26.82,1119,7020,65,0,0,0,58,0.850446154
03-09-2015,Quarter2,sweing,Monday,1,0.75,26.82,955,7140,65,0,0,0,59,0.850426891
03-09-2015,Quarter2,finishing,Monday,9,0.75,2.9,909,0,3600,0,0,0,15,0.841
03-09-2015,Quarter2,sweing,Monday,3,0.8,30.1,1055,5160,50,0,0,1,58,0.800842424
03-09-2015,Quarter2,sweing,Monday,12,0.8,15.26,1162,4080,63,0,0,0,34,0.800401961
03-09-2015,Quarter2,sweing,Monday,11,0.8,11.41,1020,3420,50,0,0,0,58,0.800034503
03-09-2015,Quarter2,finishing,Monday,3,0.8,4.6,1132,0,1440,0,0,0,12,0.795416667
03-09-2015,Quarter2,finishing,Monday,4,0.75,3.94,1157,0,960,0,0,0,8,0.7953875
03-09-2015,Quarter2,finishing,Monday,1,0.75,3.94,1104,0,960,0,0,0,8,0.794566667
03-09-2015,Quarter2,sweing,Monday,9,0.75,18.79,1028,6240,45,0,0,0,52,0.750395513
03-09-2015,Quarter2,sweing,Monday,2,0.7,16.1,902,5520,30,0,0,1,45,0.700516224
03-09-2015,Quarter2,sweing,Monday,10,0.7,21.82,1100,6000,30,0,0,0,50,0.700422
03-09-2015,Quarter2,finishing,Monday,2,0.7,3.9,1147,0,1200,0,0,0,10,0.6825
03-09-2015,Quarter2,sweing,Monday,6,0.65,23.41,1107,4560,35,0,0,1,38,0.650962281
03-09-2015,Quarter2,sweing,Monday,8,0.65,30.48,920,6720,26,0,0,1,56,0.650421429
03-09-2015,Quarter2,sweing,Monday,5,0.6,26.82,946,7080,23,0,0,1,59,0.600040678
03-09-2015,Quarter2,sweing,Monday,7,0.5,30.48,1010,6600,0,0,0,1,55,0.500610909
03-09-2015,Quarter2,finishing,Monday,10,0.7,2.9,928,0,960,0,0,0,8,0.477291667
03-09-2015,Quarter2,finishing,Monday,8,0.65,3.9,922,0,960,0,0,0,8,0.2640625
03-10-2015,Quarter2,finishing,Tuesday,12,0.8,4.6,1130,1080,0,0,0,0,9,0.92
03-10-2015,Quarter2,finishing,Tuesday,5,0.6,3.94,1122,1440,0,0,0,0,12,0.909391667
03-10-2015,Quarter2,sweing,Tuesday,1,0.75,26.82,958,7080,75,0,0,0,59,0.900061017
03-10-2015,Quarter2,finishing,Tuesday,3,0.8,4.6,968,1440,0,0,0,0,12,0.894444444
03-10-2015,Quarter2,finishing,Tuesday,4,0.75,3.94,1110,960,0,0,0,0,8,0.881575
03-10-2015,Quarter2,finishing,Tuesday,1,0.75,3.94,917,960,0,0,0,0,8,0.880754167
03-10-2015,Quarter2,sweing,Tuesday,4,0.75,26.82,1021,5880,65,0,0,0,59,0.850084211
03-10-2015,Quarter2,finishing,Tuesday,9,0.75,2.9,1060,1800,0,0,0,0,15,0.821666667
03-10-2015,Quarter2,sweing,Tuesday,12,0.8,15.26,1114,4080,63,0,0,0,34,0.800401961
03-10-2015,Quarter2,sweing,Tuesday,3,0.8,30.1,1017,6960,63,0,0,1,58,0.800071839
03-10-2015,Quarter2,sweing,Tuesday,11,0.8,11.41,1167,3420,50,0,0,0,58,0.800034503
03-10-2015,Quarter2,finishing,Tuesday,11,0.8,2.9,1108,960,0,0,0,0,8,0.758229167
03-10-2015,Quarter2,sweing,Tuesday,10,0.75,21.82,1118,6000,34,0,0,0,50,0.750608
03-10-2015,Quarter2,sweing,Tuesday,9,0.75,18.79,988,6240,45,0,0,0,52,0.750395513
03-10-2015,Quarter2,finishing,Tuesday,2,0.7,3.9,991,960,0,0,0,0,8,0.741
03-10-2015,Quarter2,sweing,Tuesday,8,0.7,30.48,1087,6840,30,0,0,1,57,0.700505263
03-10-2015,Quarter2,sweing,Tuesday,6,0.7,23.41,979,4560,30,0,0,1,38,0.700246491
03-10-2015,Quarter2,sweing,Tuesday,2,0.7,16.1,895,5400,40,0,0,1,45,0.700051852
03-10-2015,Quarter2,sweing,Tuesday,5,0.65,26.82,1075,7080,26,0,0,1,59,0.650044068
03-10-2015,Quarter2,sweing,Tuesday,7,0.6,30.48,1093,6840,25,0,0,1,57,0.630402924
03-10-2015,Quarter2,finishing,Tuesday,8,0.65,3.9,939,960,0,0,0,0,8,0.560625
03-10-2015,Quarter2,finishing,Tuesday,7,0.5,3.9,1049,960,0,0,0,0,8,0.560625
03-10-2015,Quarter2,finishing,Tuesday,10,0.7,2.9,985,960,0,0,0,0,8,0.39875
03-11-2015,Quarter2,finishing,Wednesday,12,0.8,4.6,1060,2160,0,0,0,0,9,0.922839506
03-11-2015,Quarter2,finishing,Wednesday,11,0.8,2.9,1004,2400,0,0,0,0,10,0.874027778
03-11-2015,Quarter2,finishing,Wednesday,2,0.75,3.9,1105,1920,0,0,0,0,8,0.819270833
03-11-2015,Quarter2,finishing,Wednesday,4,0.75,3.94,1156,1920,0,0,0,0,8,0.813309028
03-11-2015,Quarter2,finishing,Wednesday,1,0.75,3.94,1067,1920,0,0,0,0,8,0.812625
03-11-2015,Quarter2,sweing,Wednesday,12,0.8,15.26,1024,4080,63,0,0,0,34,0.800401961
03-11-2015,Quarter2,sweing,Wednesday,3,0.8,30.1,925,6960,63,0,0,1,58,0.800071839
03-11-2015,Quarter2,sweing,Wednesday,11,0.8,11.41,991,3420,50,0,0,0,58,0.800034503
03-11-2015,Quarter2,finishing,Wednesday,3,0.8,4.6,1137,1920,0,0,0,0,8,0.786631944
03-11-2015,Quarter2,finishing,Wednesday,5,0.7,3.94,1025,1440,0,0,0,0,12,0.75885
03-11-2015,Quarter2,sweing,Wednesday,10,0.75,21.82,1045,6000,34,0,0,0,50,0.750608
03-11-2015,Quarter2,sweing,Wednesday,9,0.75,18.79,992,5040,45,0,0,0,52,0.750347333
03-11-2015,Quarter2,sweing,Wednesday,2,0.75,16.1,1080,5400,45,0,0,1,45,0.750140741
03-11-2015,Quarter2,sweing,Wednesday,1,0.75,26.82,1083,7080,45,0,0,0,59,0.750050847
03-11-2015,Quarter2,sweing,Wednesday,4,0.75,26.82,996,7080,45,0,0,0,59,0.750050847
03-11-2015,Quarter2,sweing,Wednesday,5,0.7,26.82,1078,6960,30,0,0,1,58,0.700556897
03-11-2015,Quarter2,sweing,Wednesday,8,0.7,30.48,1143,6840,30,0,0,1,57,0.700505263
03-11-2015,Quarter2,sweing,Wednesday,6,0.7,23.41,942,4560,40,0,0,1,38,0.700246491
03-11-2015,Quarter2,sweing,Wednesday,7,0.65,30.48,1090,6840,26,0,0,1,57,0.650596491
03-11-2015,Quarter2,finishing,Wednesday,10,0.75,2.9,1049,960,0,0,0,0,8,0.628333333
03-11-2015,Quarter2,finishing,Wednesday,8,0.7,3.9,910,960,0,0,0,0,8,0.625625
03-11-2015,Quarter2,finishing,Wednesday,7,0.65,3.9,1157,960,0,0,0,0,8,0.625625
03-11-2015,Quarter2,finishing,Wednesday,9,0.75,2.9,1097,1800,0,0,0,0,15,0.505888889
03-11-2015,Quarter2,finishing,Wednesday,6,0.7,2.9,934,720,0,0,0,0,6,0.394722222
